0,1,2,3,4,5,6,7,8,9,10,11,12,13,14,15,16,17,18,19,20,21,22,23,24,25,26,27,28,29,30,31,32,33,34,35,36,37,38,39,40,41,42,43,44,45,46,47,48,49,50,51,52,53,54,55,56,57,58,59,60,61,62,63,64,65,66,67,68,69,70,71,72,73,74,75,76,77,78,79,80,81,82,83,84,85,86,87,88,89,90,91,92,93,94,95,96,97,98,99,100,101,102,103,104,105,106,107,108,109,110,111,112,113,114,115,116,117,118,119,120,121,122,123,124,125,126,127,128,129,130,131,132,133,134,135,136,137,138,139,140,141,142,143,144,145,146,147,148,149,150,151,152,153,154,155,156,157,158,159,160,161,162,163,164,165,166,167,168,169,170,171,172,173,174
1.222591571,0.853622668,1.050574446,1.824108207,2.691329289,3.096915291,1.544317045,-0.118249944,-0.332289253,0.455670234,2.281444452,3.235310228,2.575436436,1.759476549,1.222428861,2.055093511,4.669063988,7.659824767,8.880841351,8.389590925,7.49811163,7.472903507,8.865497225,10.73485285,12.73423473,13.47562594,13.9276764,17.00897143,23.48306487,30.33861293,33.59291992,36.90533801,44.82835745,53.85626662,62.19217636,72.76058884,85.36745942,98.6604632,112.9939067,126.8959704,137.6449406,147.9591968,160.5780237,172.4879472,182.5707195,189.8908102,192.0499819,191.2222705,188.1883745,180.8171498,171.194423,163.1073584,157.4182262,153.948161,151.4937428,147.2967551,142.6962142,137.5058118,127.811202,117.9593955,112.6065681,106.5422885,95.69074682,81.60330019,69.28817216,59.11985347,45.85675746,32.22570168,24.18527433,19.87149144,16.22249281,12.63902128,8.19536342,2.948445911,-3.263244017,-8.123344281,-9.080764075,-8.472179276,-8.767904673,-9.790968898,-11.64995423,-14.60579467,-16.18400081,-14.64384721,-13.39623911,-14.35032107,-17.44726076,-23.64004447,-29.24905765,-30.33721035,-27.3025204,-24.38555518,-25.99253359,-29.40268707,-29.61760738,-28.0340671,-25.8922803,-21.88622425,-18.6301571,-15.80774876,-12.633603,-11.45374369,-10.48604291,-8.531394685,-5.842007635,-3.198275159,-2.617726596,-4.176065251,-4.968828721,-2.494574653,0.221773122,-1.145264612,-2.944042387,-1.980616382,-2.123020588,-3.576961526,-4.80637767,-6.387596718,-7.132655342,-3.509810936,0.998530668,0.768916053,-0.516460027,-1.517252682,-2.540798676,-2.206607688,-3.008426165,-5.035506782,-5.313679214,-6.467606026,-8.92774627,-7.850027869,-4.67135035,-2.717748358,-2.983842252,-4.471787274,-4.747290253,-3.123082778,-1.791709352,-2.667409488,-5.316586488,-7.103569955,-6.28657701,-5.110336238,-4.448862476,-3.515775741,-3.601368134,-5.815415548,-7.133700041,-7.501048471,-9.236572767,-10.74578307,-12.21926041,-12.42091165,-11.81218762,-12.30038403,-12.30240856,-12.32309775,-11.8686743,-10.7758501,-10.03224158,-7.936065858,-4.625728571,-3.004780562,-2.668294955,-2.692378867,-3.600219123,-4.867676088,-5.725141411,-4.854879587,-2.944193018,-1.92351502,-1.458233253,-0.696453485,-1.143947306
0.584142727,0.584142727,0.651281399,0.651281399,0.718420071,0.919836087,1.054113431,1.188390774,1.524084134,1.792638821,2.128332181,2.46402554,2.799718899,3.202550931,3.806798977,4.343908352,5.082433743,6.089513821,7.029455227,8.237951321,9.446447415,10.9234982,12.66910366,17.16739468,19.9872189,19.9872189,23.27701382,27.10391812,36.10050015,41.33731656,46.97696499,53.48941616,60.67325406,68.32706265,76.51798062,85.04459195,93.97403531,103.440588,112.4371701,121.7694455,130.9003048,139.8297482,148.4234982,156.2787228,163.3282834,168.4979611,171.787756,173.0633908,173.0633908,171.5192013,168.7665158,164.7381955,159.4342404,153.3246212,146.6107541,139.0912228,131.1017209,122.1051388,112.4371701,102.3663693,91.69132046,80.88199429,70.20694546,59.93472866,50.19962124,40.80020718,32.00504116,23.88126187,15.95889859,8.305089993,1.591222806,-4.585535007,-10.02376743,-14.65633579,-18.41610141,-21.57161899,-24.12288852,-26.47274204,-28.55404087,-30.09823032,-31.37386509,-32.17952915,-32.85091587,-32.85091587,-32.78377719,-32.51522251,-32.17952915,-31.5752811,-30.76961704,-30.76961704,-29.69539829,-28.35262485,-26.8084354,-23.58577915,-23.58577915,-21.97445102,-20.43026157,-18.88607212,-16.0662479,-14.72347446,-13.58211704,-13.58211704,-11.70223423,-10.76229282,-10.0909061,-9.419519382,-8.613855319,-7.875329929,-7.136804538,-6.196863132,-5.458337741,-4.854089694,-4.316980319,-3.914148288,-3.444177585,-3.108484226,-2.839929538,-2.571374851,-2.302820163,-2.101404148,-2.168542819,-2.235681491,-2.437097507,-2.571374851,-2.839929538,-2.974206882,-3.108484226,-3.108484226,-3.175622898,-3.108484226,-3.108484226,-3.175622898,-3.377038913,-3.712732273,-4.182702976,-4.719812351,-5.122644382,-5.592615085,-5.726892429,-5.995447116,-5.995447116,-6.062585788,-6.196863132,-6.331140476,-6.465417819,-6.599695163,-6.666833835,-6.935388523,-7.069665866,-7.271081882,-7.338220554,-7.338220554,-7.20394321,-7.069665866,-6.935388523,-7.002527194,-7.002527194,-7.002527194,-6.733972507,-6.599695163,-6.398279148,-6.331140476,-5.995447116,-5.659753757,-5.525476413,-5.189783054,-5.189783054,-4.854089694,-4.719812351,-4.652673679,-4.518396335,-4.384118991,-4.249841648,-4.182702976,-3.98128696
0.98510117,-0.724557416,-1.208583577,-1.012865677,-2.535922171,-2.712677684,-0.91514657,0.119674027,-0.494035857,-1.091265211,-0.958932443,-0.545059774,-0.734171245,-1.514292679,-2.619128536,-2.529796284,-2.097419268,-3.681177803,-3.09332275,-0.52353409,-2.126976106,-4.53428625,-2.154198788,1.646987942,2.381781391,1.001262886,1.028094264,4.146906805,10.48808865,17.21518026,21.09620488,24.25480921,30.69825896,40.11330793,49.16946432,57.81337868,68.28116748,79.43240469,88.46835153,93.23431865,97.38316058,108.2270021,121.0312796,127.5214278,131.0288415,135.7667233,139.6517983,142.6825197,147.6540785,151.3212501,147.2101219,137.8218993,127.3415016,115.1152101,104.6461055,94.46348123,80.04963491,67.31029206,60.44704309,54.68692814,50.25368548,50.11567712,48.21085508,41.20408961,33.78593292,27.33558393,19.16487167,7.380729196,-5.939481143,-14.95629865,-18.20974869,-21.25118977,-26.35464977,-28.1114537,-29.19099203,-33.68952438,-34.18132095,-31.05582384,-31.05680692,-32.5045886,-33.51270564,-35.52798971,-36.00764293,-31.22376108,-23.10196982,-19.22043269,-22.66749219,-26.90980132,-28.64156614,-28.44195867,-23.92621447,-18.04048812,-16.15858709,-16.22936084,-13.41565323,-9.671207327,-10.11138846,-12.93495605,-13.05355042,-10.74779696,-8.039862041,-4.555060001,4.069286334,32.05828324,85.41902866,138.0382955,154.5867001,127.2953379,76.29277103,32.97647979,13.20106931,7.492734121,5.048541062,3.99210667,4.573145085,5.925711377,5.518518188,3.074412853,2.049534004,2.128362804,1.170412888,-0.37236928,-0.571944683,1.350996204,2.072749531,0.374968308,-0.501173045,1.091288639,1.762335346,0.290755385,0.129216897,0.85452824,1.444116338,2.121236237,1.26934777,1.350859785,3.852844286,3.556746568,2.032849264,3.326475205,4.000101444,3.211809365,1.501104346,1.798864221,4.808569127,5.028278561,5.39509293,6.559109764,5.003661806,5.354966597,8.019286275,8.333742156,6.334349631,6.351264705,12.24063955,22.0018792,33.33943339,39.63406118,28.24226131,4.881803809,-10.49970572,-11.11495695,-2.790601012,5.576678076,7.242381071,3.64103811,-0.165258383,-0.303199636,1.616355227,1.672172636,1.833018395,2.150050504,1.003760504,-0.238678365,-0.312721394
-1.995936262,-1.995936262,-1.794520246,-1.59310423,-1.525965558,-1.391688215,-1.257410871,-1.391688215,-1.525965558,-1.727381574,-1.995936262,-2.264490949,-2.66732298,-3.00301634,-3.204432355,-3.540125715,-3.607264387,-3.472987043,-3.137293683,-2.66732298,-1.995936262,-1.123133527,0.152501238,1.763829363,3.845128192,6.329259051,9.350499285,13.11026491,17.34000124,22.30826296,27.81363405,33.85611452,40.23428835,47.21671022,54.46768679,62.18863405,70.11099733,78.63760866,95.959386,95.959386,104.150304,112.4083606,120.0621692,127.1117298,133.1542102,138.1896106,141.9493762,144.2320911,143.8292591,141.4794055,138.1896106,133.5570423,127.5145618,120.5321399,112.744054,104.4859973,96.22794069,86.96280397,77.49625124,67.62686647,57.35464968,46.94815554,36.27310671,25.86661257,15.72867311,6.396397723,-1.995936262,-9.179774152,-15.15511595,-19.98910032,-23.95028196,-27.37435423,-29.99276243,-32.00692259,-33.28255736,-33.81966673,-33.61825071,-32.87972532,-31.67122923,-30.05990111,-28.11287962,-26.09871946,-23.95028196,-21.66756712,-19.58626829,-17.23641478,-14.95369993,-12.73812376,-10.52254759,-8.776942121,-7.031336652,-5.554285871,-4.144373762,-2.935877668,-1.794520246,-0.85457884,-0.183192121,0.353917254,0.756749285,0.958165301,0.958165301,0.958165301,0.891026629,0.488194598,0.488194598,0.152501238,-0.183192121,-0.451746808,-0.720301496,-1.055994855,-1.190272199,-1.257410871,-1.391688215,-1.458826887,-1.458826887,-1.391688215,-1.257410871,-1.257410871,-1.123133527,-0.921717512,-0.653162824,-0.384608137,-0.116053449,0.152501238,0.488194598,0.689610613,0.958165301,1.159581317,1.562413348,1.965245379,2.233800067,2.435216082,2.70377077,2.770909442,2.770909442,2.770909442,2.70377077,2.770909442,2.70377077,2.435216082,2.36807741,2.300938738,2.233800067,2.233800067,2.233800067,2.233800067,2.166661395,2.032384051,2.032384051,1.898106707,1.830968035,1.62955202,1.495274676,1.226719988,1.092442645,1.025303973,0.891026629,0.823887957,0.622471942,0.55533327,0.488194598,0.353917254,0.353917254,0.353917254,0.152501238,-0.183192121,-0.451746808,-0.85457884,-1.190272199,-1.458826887,-1.727381574,-1.995936262,-2.197352277,-2.331629621,-2.331629621
-9.179923507,-6.024845258,-1.553249867,1.717618105,4.755090946,4.165958438,5.145502388,9.730350196,13.46643819,11.84306705,4.430488979,-0.903073822,-0.419536131,2.953343676,3.591862014,-0.400845341,-4.28629851,-1.176077158,4.026270543,3.813885702,4.738518354,4.784889171,-1.084692248,-7.262465718,-8.815945212,-3.919583871,1.926147075,5.861886456,8.520200076,7.093153303,2.71296495,-0.086187059,4.005866456,10.83906815,9.52828104,0.236211024,-2.619334952,2.394443474,1.517583534,-3.16931579,-3.755274836,-0.22103249,8.131339735,30.45783332,68.77944029,110.9581952,149.4885011,189.0727584,230.6836876,258.2845737,274.0228643,291.5561089,300.876098,294.7663095,279.5507905,259.7256367,234.4150138,202.7657951,169.7088535,135.9500339,98.4137715,62.73699308,33.0963879,7.723139357,-13.69492005,-29.59867355,-42.0456543,-56.67323414,-69.1213065,-70.02365808,-63.26170334,-62.92631212,-67.92754826,-70.22923167,-71.22493648,-70.41447201,-65.52746214,-60.44913819,-62.12559986,-65.43653383,-61.50407162,-50.82555589,-41.18804598,-36.02691789,-30.67809425,-26.92294778,-24.16901388,-16.696305,-9.304394508,-5.077936566,0.010708668,4.331957068,8.314573778,13.20925283,12.92751811,9.078592076,14.86715759,22.54838134,18.45532245,10.66549731,4.100986646,-0.911510428,-4.924806827,-9.63806112,-11.52012837,-7.402599567,-2.918765625,-4.28574382,-10.77777798,-13.73263822,-10.64754937,-9.826982024,-10.74773534,-11.49894144,-12.37166973,-13.07354022,-13.01501474,-13.88888807,-15.36176025,-10.18688994,-4.736724565,-6.062540122,-7.114732307,-8.607574704,-12.25233566,-15.28492735,-14.91821357,-9.979120601,-7.718817968,-8.01555629,-5.404137768,-2.569613605,-0.485105108,2.068347842,1.777057676,-0.645407779,-0.347950049,1.585836098,2.92651196,2.012059029,-0.079918206,2.369961393,5.520139793,2.869835081,-2.249670651,-6.567329448,-7.813335117,-4.365453332,2.290108152,5.096737468,1.429761584,-0.11112756,1.116570124,-1.573705984,-5.59306007,-4.715642326,-2.706463778,-1.964448582,-1.513439917,-0.862112704,2.624468136,3.226310252,-2.369071236,-6.679276009,-9.140571704,-7.606490233,-2.369978029,-1.942155462,0.340972906,2.395856534,-5.019947869,-7.562247169,-1.933450565,-4.756247339,-10.58707712
-0.985626106,-0.851348762,-0.717071418,-0.649932746,-0.515655402,-0.515655402,-0.515655402,-0.582794074,-0.78421009,-0.985626106,-1.321319465,-1.589874152,-1.925567512,-2.395538215,-2.731231574,-3.201202277,-3.536895637,-3.469756965,-3.335479621,-2.865508918,-2.395538215,-1.724151496,-0.985626106,-0.045684699,1.229950066,2.841278191,4.855438348,7.339569207,10.49508679,14.12057507,18.41745007,23.51998913,29.36105358,36.14205944,44.13156139,53.06100475,62.93038952,73.80685436,86.02609264,100.5280458,115.835663,132.4860536,148.8678895,163.101288,173.9106141,181.9672548,187.2712098,189.28537,187.6069032,182.2358094,173.8434755,162.6313173,148.9350282,133.5602723,116.7756044,99.45382702,81.93063366,48.09274304,48.09274304,32.58370983,18.55172741,5.996795769,-4.745391731,-21.79861439,-21.79861439,-28.24392689,-37.57620228,-40.46316517,-42.34304798,-42.34304798,-42.94729603,-42.00735462,-40.32888782,-38.04617298,-35.36062611,-32.13796986,-28.98245228,-25.356964,-21.73147571,-18.10598743,-14.54763782,-10.92214954,-7.430938606,-4.342559699,-1.388458137,1.297088738,3.848358269,6.063934441,7.943817254,9.353729363,10.2265321,10.6965028,10.49508679,9.95797741,8.88375866,7.608123894,5.929657098,4.251190301,2.505584832,0.692840691,-1.052764777,-2.731231574,-4.342559699,-5.752471809,-6.960967902,-8.169463996,-9.243682746,-10.25076282,-11.2578429,-11.86209095,-12.466339,-12.9363097,-13.00344837,-12.80203236,-12.80203236,-12.39920032,-11.99636829,-11.32498157,-10.58645618,-9.579376106,-8.706573371,-7.833770637,-6.021026496,-5.013946418,-4.00686634,-2.93264759,-2.126983527,-1.321319465,-0.515655402,0.155731316,0.625702019,1.095672723,1.36422741,1.431366082,1.162811394,1.028534051,0.558563348,0.155731316,-0.448516731,-0.918487434,-1.119903449,-1.388458137,-1.589874152,-1.85842884,-2.059844856,-2.059844856,-2.059844856,-2.194122199,-2.126983527,-1.992706184,-1.992706184,-1.724151496,-1.724151496,-1.657012824,-1.388458137,-1.321319465,-1.187042121,-0.985626106,-0.851348762,-0.582794074,-0.381378059,-0.179962043,0.021453973,0.155731316,0.29000866,0.424286004,0.625702019,0.894256707,1.028534051,1.229950066,1.229950066,1.431366082,1.632782098,1.767059441,1.834198113
-0.363353764,0.065973267,0.214128536,-0.576707428,0.167023281,0.175771783,-1.81623888,-1.150993222,0.266244266,-1.130305609,0.739404382,3.447040952,0.932758427,0.54787442,2.097987182,0.510376656,-0.824711121,-0.663261294,2.445206236,7.802021978,6.646144429,-2.240365614,-8.312486692,-6.675110642,-2.164577502,-0.332175859,-1.433420858,-2.027006981,0.582292032,1.267254613,-1.451359441,0.653925997,3.296618413,4.765699074,9.059012925,11.05251624,16.50133917,29.22534119,44.17262783,61.26367034,72.85823723,75.10989402,82.26506507,99.31459554,116.1026832,121.7627162,117.8608583,120.1990542,130.8428279,142.1178044,151.7291813,158.6005991,164.9567834,173.2972817,178.8513478,174.4717513,163.8451612,158.5807075,154.2855716,146.963856,141.6384478,129.6713188,110.9156875,91.52535005,75.00486414,63.88975076,50.34425215,35.0390357,24.51538523,13.10044998,-0.897451612,-12.72128836,-23.76742182,-33.15966671,-39.47231554,-43.77042848,-43.62281765,-42.18232223,-47.43020017,-49.90568024,-37.67803871,-15.87769018,12.17395408,41.63957479,59.97877958,62.13409339,49.0953226,30.19338411,18.99221174,11.43668365,2.142143319,-2.831975311,-5.900183996,-14.23218222,-21.90920299,-22.44777042,-23.99278472,-29.38000319,-32.96143385,-30.92618179,-20.58499534,-9.828441599,-5.654673371,-6.302042798,-9.379140666,-9.852581731,-4.607992013,2.639076447,5.269531726,4.835756913,3.715820165,0.049364118,-1.539560182,-1.095191182,-2.29923718,-3.566408999,-5.267277629,-6.115604899,-3.273268958,0.466446147,-0.6258955,-5.22971134,-5.114284824,-3.246496329,-5.613130985,-5.766786296,-3.051381776,-1.867499502,-1.996229227,-4.667976214,-6.859803826,-5.654336415,-3.485958917,0.898022664,4.125496394,2.462839273,2.354593427,4.007096765,3.475123475,1.553148598,-1.398703499,-2.74418473,0.564683636,5.78536146,6.955724196,2.949353498,0.244334763,2.247559049,3.869672323,1.969786281,0.141816577,-0.129432946,0.380772244,2.528772432,2.407099709,-0.779364591,-2.638322111,-0.94563421,2.691185403,4.429513918,3.020720984,0.595059051,-1.837700445,-3.035165555,1.038982169,4.685309214,2.723263837,1.330608638,0.802614555,-5.153171595,-7.529067828,-0.03418126,1.211421704,-4.077339358,-2.187870844
0.40684806,0.272570717,0.272570717,0.205432045,0.339709388,0.339709388,0.40684806,0.40684806,0.473986732,0.608264076,0.608264076,0.74254142,0.541125404,0.541125404,0.473986732,0.473986732,0.40684806,0.473986732,0.40684806,0.675402748,1.078234779,1.548205482,2.152453529,3.025256263,3.96519767,5.173693763,6.650744545,8.597766029,10.94761954,13.83458244,17.7286254,22.56260978,28.40367423,35.38609611,43.30845939,52.17076408,61.57017814,71.64097892,82.04747306,92.58824454,103.330432,114.0054809,124.6805297,134.7513305,143.4793578,150.394641,154.7586547,156.3699828,155.9000121,153.684436,150.0589477,145.2249633,139.4510375,132.804309,125.8890258,118.5037719,111.118518,103.4647094,95.74376212,88.49278556,81.241809,74.12510978,67.27696525,60.76451408,54.31920158,48.07530509,42.30137931,36.72886954,31.55919181,26.65806876,18.66856681,15.31163322,15.31163322,10.00767814,8.060656654,6.382189857,4.972277748,3.830920326,3.159533607,2.55528556,2.085314857,1.749621498,1.48106681,1.279650795,1.212512123,1.212512123,1.413928138,1.749621498,2.152453529,2.488146888,2.89097892,3.092394935,3.360949623,3.562365638,3.696642982,3.696642982,3.495226967,3.360949623,3.092394935,2.689562904,2.219592201,1.682482826,0.943957435,0.339709388,-0.33167733,-0.868786705,-1.473034752,-1.875866783,-2.345837487,-2.681530846,-3.151501549,-3.55433358,-3.957165612,-4.359997643,-4.62855233,-4.897107018,-5.098523033,-5.165661705,-5.098523033,-5.031384362,-4.829968346,-4.561413658,-4.292858971,-4.024304283,-3.688610924,-3.420056237,-3.218640221,-2.950085533,-2.882946862,-2.748669518,-2.81580819,-2.81580819,-2.81580819,-2.81580819,-2.81580819,-2.748669518,-2.748669518,-2.748669518,-2.681530846,-2.681530846,-2.681530846,-2.681530846,-2.748669518,-2.748669518,-2.681530846,-2.681530846,-2.681530846,-2.614392174,-2.547253502,-2.547253502,-2.48011483,-2.547253502,-2.614392174,-2.681530846,-2.81580819,-3.084362877,-3.285778893,-3.487194908,-3.688610924,-3.822888268,-3.957165612,-3.957165612,-4.024304283,-3.89002694,-3.822888268,-3.55433358,-3.487194908,-3.218640221,-3.151501549,-3.017224205,-2.81580819,-2.681530846,-2.48011483,-2.278698815,-2.010144127
-1.152355054,-1.721798044,-0.223290991,1.732867037,-0.29307252,-0.963404299,4.628580086,8.92096097,7.427636295,4.477791392,3.705382322,1.896723461,0.332491844,3.038941721,4.951292726,4.757091883,4.142964881,-0.200985671,-2.614045718,0.867488677,2.399423325,1.708328025,2.416037555,3.372829583,7.862246307,14.83147012,17.97221,18.57812991,21.42464882,31.66362158,45.12929719,55.18838534,69.46040706,92.92048194,119.1277713,144.6981531,172.5372295,200.8094106,222.8648173,241.4839856,258.7213899,265.7892866,264.6028663,262.9007895,259.9771098,252.5122703,243.2041234,237.2931194,232.0223091,224.8970519,214.4683215,197.3749899,174.9746537,149.6975993,121.8142238,94.62357037,69.20907211,46.70183822,29.59388952,17.83323274,13.51275912,13.08692396,12.72547071,13.16334865,11.56355647,6.307042823,0.625835461,-3.59729405,-7.100127645,-9.253379166,-7.943297797,-4.097933036,-0.949616343,-0.918009637,-3.702807778,-6.40293133,-9.251165049,-11.52011353,-13.11563879,-15.53019595,-20.60772131,-28.06934454,-30.33042727,-25.56671304,-20.30196633,-17.65317035,-15.45683029,-12.77403106,-12.06268171,-12.38905578,-12.77997216,-15.76738482,-18.46481201,-16.2857238,-10.55089109,-4.929582784,-1.664448116,0.959882908,5.080639915,7.232873841,3.037897298,-4.670479825,-8.592444179,-0.278553555,22.3772938,48.1533068,60.77255043,47.06121883,16.21362627,-7.138631269,-15.68883001,-14.80958943,-9.222238173,-4.071809354,-0.715534097,3.061108177,4.641366511,2.250129048,0.155347158,-0.721251287,-2.492408593,-4.174030719,-5.008281837,-4.544185335,-2.296792233,-0.203730733,1.248789046,1.73386673,0.333131131,-0.903907047,-1.314458676,-1.962513396,-2.005415798,-1.731177043,-1.990489635,-2.578226463,-3.383963215,-3.003964995,-1.027232425,0.515899577,-0.731367701,-3.742105286,-6.698805424,-9.1321588,-9.289781766,-7.500556223,-5.370439434,-2.605837529,-0.431741097,-0.753230436,-1.963025271,-2.426253662,-2.586898088,-3.089012416,-3.928326368,-3.095434006,0.166709388,2.668023264,3.735655734,3.257303095,1.217970298,-0.319624225,-1.310503366,-1.578972877,-3.334665475,-5.609087131,-5.041009038,-5.456809082,-7.130895251,-6.983654852,-6.275943678,-7.296933229,-9.598647378,-10.63578115,-10.08224374
-1.282081583,-1.282081583,-1.282081583,-1.013526895,-1.013526895,-0.879249552,-0.81211088,-0.81211088,-0.81211088,-0.744972208,-0.81211088,-0.744972208,-0.879249552,-0.744972208,-0.610694864,-0.409278849,-0.207862833,0.530662558,0.530662558,1.134910605,1.739158651,2.611961386,3.48476412,5.566062948,5.566062948,8.990135214,11.54140475,14.56264498,18.3224106,22.95497896,28.52748873,35.30849459,42.89516451,50.95180514,59.20986178,67.06508639,74.78603365,81.76845553,88.21376803,94.12197115,99.82875826,104.6627426,109.4295883,113.995018,118.2247544,120.7760239,122.387352,123.0587387,122.5216294,120.7760239,117.687645,113.2564926,107.4825669,101.4400864,93.85341646,85.79677584,77.33730318,68.60927584,59.67983248,50.61611178,41.68666842,32.82436373,24.09633639,15.7040024,8.11733248,-5.041847208,-5.041847208,-10.14438627,-14.50839994,-20.68515775,-20.68515775,-22.83359525,-24.44492338,-25.65341947,-26.59336088,-26.99619291,-27.06333158,-26.86191557,-26.39194486,-25.72055815,-24.84775541,-23.84067533,-22.83359525,-21.69223783,-20.48374174,-19.1409683,-17.66391752,-16.25400541,-14.64267729,-13.1656265,-11.62143705,-9.942970255,-8.600196817,-7.324562052,-6.18320463,-4.571876505,-4.101905802,-4.101905802,-3.69907377,-3.631935099,-3.69907377,-3.833351114,-3.900489786,-3.967628458,-4.169044474,-4.303321817,-4.303321817,-4.169044474,-4.101905802,-3.900489786,-3.766212442,-3.497657755,-3.229103067,-2.96054838,-2.557716349,-2.087745645,-1.819190958,-1.617774942,-1.349220255,-1.282081583,-1.214942911,-1.080665567,-1.080665567,-1.013526895,-1.080665567,-1.214942911,-1.349220255,-1.416358927,-1.416358927,-1.483497599,-1.617774942,-1.752052286,-1.752052286,-1.684913614,-1.752052286,-1.88632963,-2.020606974,-2.087745645,-2.087745645,-2.087745645,-1.953468302,-1.88632963,-1.55063627,-1.349220255,-1.282081583,-1.080665567,-0.946388224,-0.744972208,-0.543556192,-0.409278849,-0.140724161,-0.073585489,-0.006446817,0.060691855,0.194969198,0.194969198,0.060691855,-0.006446817,-0.006446817,-0.275001505,-0.47641752,-0.610694864,-0.879249552,-0.81211088,-0.946388224,-1.214942911,-1.416358927,-1.55063627,-1.752052286,-1.88632963,-1.953468302,-2.020606974,-2.020606974,-1.953468302,-2.020606974
-2.20983494,-0.826180788,-0.153758251,-1.30605511,-1.79975713,-1.396840249,-1.650070252,-1.79460366,-1.438456835,0.257185207,1.970205935,1.33584596,0.1375621,0.170005415,-0.040382211,-2.167263138,-5.398456328,-7.334122446,-6.358681111,-4.505059311,-4.663112685,-4.976602407,-3.708777756,-1.922881891,-0.872931005,-0.609452637,-0.589891804,-0.391134427,0.021137805,-0.112428428,0.702141701,3.124477687,6.105931122,11.5382072,21.35374402,30.98019464,37.39407859,46.77853013,62.77424647,85.33951511,113.7256826,146.9047229,184.3822715,226.0327708,274.5345187,324.0660095,358.581406,368.2249427,358.9936293,336.0658797,295.5461686,242.61206,185.0889627,133.4663792,99.60671007,83.66995551,82.44230932,87.59553214,87.7917179,79.72409427,69.2072496,59.21914775,47.45308235,34.45536859,21.21226653,8.089362716,-4.379978019,-16.21556711,-30.08526934,-41.61474471,-43.69543633,-41.16880133,-41.59109177,-44.86975631,-42.73142127,-30.86666285,-17.82118172,-15.635148,-21.55678216,-23.38083544,-20.96251456,-23.6006873,-32.82666576,-35.44266531,-27.23262815,-20.42730478,-17.70447681,-15.02940395,-13.38095443,-12.54918442,-12.485703,-13.79764092,-14.67944692,-12.27321802,-6.995582621,-2.886122237,-2.034504144,-4.022074532,-6.192226642,-5.799169031,-4.310466425,-4.833708074,-6.137288746,-0.747740245,17.86142191,46.15847412,65.81108328,60.99713023,36.53577125,8.530755149,-7.363017527,-8.222565861,-2.092093065,2.869588963,3.865010761,4.421446627,5.389623674,4.981915216,3.217087943,1.196667745,0.162769905,0.99720788,2.392269973,1.813473103,-0.937420737,-2.816652129,-2.866670727,-3.820813465,-3.344076436,-1.640617182,-2.831066646,-5.15394977,-6.363363108,-5.344321376,-3.411606128,-3.483611805,-7.071858427,-10.16799046,-7.960630762,-4.489930269,-2.065246681,0.124767157,0.068348118,-1.356730472,-2.596730617,-3.070423801,-1.226009569,-0.144392625,-1.168215498,-0.231317343,1.324570191,0.56658528,-1.420161247,-1.885109491,-0.564734275,-0.598492719,-2.033727125,-2.304276132,-1.240795931,-1.086903392,-1.429707187,-1.374610632,-2.144146684,-2.258635884,-1.741654245,-2.599010338,-4.525924081,-4.984400417,-2.744308171,-1.925875265,-3.261193641,-5.09871428,-7.43682804,-7.786768384,-5.282907939
-0.99002836,-1.124305704,-1.057167032,-1.057167032,-1.124305704,-1.057167032,-1.124305704,-1.057167032,-1.057167032,-0.99002836,-1.057167032,-0.99002836,-1.057167032,-1.057167032,-1.191444376,-1.258583048,-1.392860392,-1.527137735,-1.728553751,-1.862831095,-1.997108438,-2.06424711,-1.997108438,-1.929969767,-1.728553751,-1.527137735,-1.191444376,-0.654335001,0.017051718,1.091270468,2.434043905,4.112510702,6.395225546,9.215049765,12.90767672,17.60738375,23.58272555,31.03511812,40.09883883,50.57247164,75.74947359,75.74947359,89.17720797,102.269249,114.0185166,132.0788193,137.8527451,141.6796494,141.6796494,141.0082627,138.0541611,134.2943955,134.2943955,125.0963974,118.9196396,111.6015244,103.5448837,94.95113375,85.283165,75.07808687,64.60445406,53.72798922,42.65010836,31.30367281,20.29293062,9.819297812,0.554161093,-7.301063517,-13.61209867,-18.84891508,-23.07865141,-26.63700102,-29.99393461,-32.81375883,-35.16361234,-37.11063383,-38.38626859,-38.92337797,-38.8562393,-38.31912992,-37.24491117,-35.63358305,-33.75370024,-31.60526274,-29.18827055,-26.83841703,-24.35428617,-21.87015531,-19.45316313,-16.96903227,-14.61917875,-12.26932524,-10.18802641,-8.50955961,-7.166786173,-6.226844767,-5.555458048,-5.018348673,-4.682655313,-4.816932657,-4.816932657,-5.085487345,-5.354042032,-5.62259672,-5.891151407,-6.025428751,-5.958290079,-5.756874063,-5.354042032,-5.018348673,-4.615516642,-4.21268461,-4.011268595,-3.876991251,-3.608436563,-3.407020548,-3.071327188,-2.802772501,-2.802772501,-2.869911173,-2.937049845,-3.13846586,-3.071327188,-3.13846586,-3.13846586,-3.205604532,-3.205604532,-3.272743204,-3.272743204,-3.205604532,-3.071327188,-2.735633829,-2.467079142,-2.06424711,-1.594276407,-1.258583048,-0.922889688,-0.587196329,-0.385780313,-0.117225626,0.151329062,0.218467733,0.285606405,0.285606405,0.218467733,0.017051718,-0.117225626,-0.184364298,-0.318641642,-0.520057657,-0.654335001,-0.721473673,-0.788612345,-0.855751017,-0.855751017,-0.855751017,-0.99002836,-1.057167032,-1.124305704,-1.124305704,-1.191444376,-1.258583048,-1.392860392,-1.527137735,-1.594276407,-1.795692423,-1.929969767,-1.929969767,-1.997108438,-2.131385782,-2.131385782,-1.929969767,-1.862831095,-1.728553751,-1.661415079
-3.041239921,-2.412746453,-2.319457636,-2.44403813,-1.932011498,-1.105586905,0.81733759,2.512108866,2.271517247,-0.091998755,-1.811505206,-1.152794466,0.405529421,0.464908436,-2.237497196,-4.06311645,-4.158440725,-5.423795516,-6.500136545,-6.112884256,-4.548587712,-2.697409951,-1.946679661,-2.74881911,-5.023803456,-5.320336496,-1.96169625,2.174669588,6.118022941,9.709684855,13.89443231,19.48483873,26.39086911,35.23608399,44.43747739,56.26144283,74.41837098,93.37547014,111.6606778,135.2797202,162.0870983,185.9645146,202.9394692,211.1673451,210.6457039,202.3895614,193.750099,187.1857401,179.0371219,169.95932,157.6900616,143.3474689,129.9420691,117.0407676,107.345979,98.92940126,86.66105729,72.03710983,59.07699323,49.41841303,38.83187018,23.32582834,8.125344539,-0.063631635,-3.296631025,-7.694651589,-14.19706535,-20.25530595,-22.95772556,-25.08847544,-28.36792547,-27.89481136,-25.93308833,-26.04901011,-27.02253603,-27.94803908,-27.6373547,-27.16744003,-25.80303,-23.18193565,-22.16811001,-22.10096482,-21.36508817,-20.81326751,-20.45444563,-17.98001638,-15.50022726,-16.31156052,-17.05627041,-16.08870223,-15.37980664,-15.25192846,-15.61257242,-14.82817589,-10.68845478,1.09458089,25.43427287,55.30151314,72.44682646,63.90461223,37.24961863,12.41494321,-1.811165832,-6.126571247,-3.415676755,-0.471884349,0.76613037,2.3685728,2.282029246,2.40380694,3.614351939,2.790095097,1.813490119,1.818998721,3.226768918,4.722707323,4.079155329,3.439848551,3.814982576,3.128796594,1.702058123,-0.540025512,-2.346218634,-1.623429292,0.315803121,2.859963747,4.660458278,3.850318645,1.840018529,1.363782731,1.577221908,3.057261804,6.779316237,8.645379532,9.47184317,11.68510062,13.46006791,14.27649368,11.77424703,7.816474894,5.985540872,5.403615645,7.093511937,8.476156295,5.767633483,2.634586896,2.414419712,3.093302546,4.404058151,5.381913623,5.673382934,5.920672871,3.326488024,0.815591617,-0.187023268,-1.160777384,-0.017902019,2.797392063,4.140228706,1.798648661,-1.318710174,0.143477467,4.711722919,7.177134492,8.173476593,8.883648701,9.713134453,10.61592991,10.19267813,9.000441724,6.695734743,5.373401684,7.292082523,8.004577187,6.924782696
-0.496559122,-0.496559122,-0.42942045,-0.42942045,-0.42942045,-0.496559122,-0.496559122,-0.563697794,-0.765113809,-0.832252481,-0.966529825,-1.100807169,-1.235084513,-1.167945841,-1.235084513,-1.235084513,-1.302223184,-1.167945841,-1.033668497,-1.033668497,-0.966529825,-0.765113809,-0.496559122,-0.228004434,0.309104941,0.913352987,1.920433066,3.196067831,4.807395956,6.888694784,9.574241659,13.0654526,17.3623276,22.599144,29.17873385,37.10109713,47.10475924,58.85402682,71.81179049,85.30666353,98.19728853,109.2751694,121.0915756,132.6394272,142.1059799,149.0212631,153.2509995,154.3252182,152.5796128,149.0884018,144.4558335,138.4804917,123.9785385,123.9785385,106.5224838,98.53298189,98.53298189,79.59987642,69.73049166,59.65969088,49.5888901,39.24953463,29.24587252,19.17507174,9.507102987,0.376243612,-8.083229044,-8.083229044,-15.46848295,-27.48630522,-32.11887358,-35.8786392,-38.83274076,-41.11545561,-42.59250639,-43.53244779,-43.80100248,-43.19675443,-41.92111967,-40.10837553,-37.89279936,-35.27439115,-32.72312162,-29.9032974,-27.15061186,-24.59934233,-22.04807279,-19.56394193,-17.28122709,-15.13278959,-13.32004545,-11.44016264,-9.895973184,-8.351783731,-6.87473295,-5.599098184,-4.323463419,-3.114967325,-2.175025919,-1.5036392,-0.899391153,-0.697975138,-0.496559122,-0.496559122,-0.496559122,-0.697975138,-0.832252481,-0.899391153,-1.167945841,-1.235084513,-1.235084513,-1.5036392,-1.772193888,-2.040748575,-2.309303263,-2.510719278,-2.846412638,-3.114967325,-3.316383341,-3.383522013,-3.450660684,-3.316383341,-3.383522013,-3.114967325,-2.510719278,-2.510719278,-2.242164591,-1.436500528,-1.436500528,-0.42942045,0.107688925,0.577659628,0.577659628,1.584739706,1.987571737,2.457542441,3.061790487,3.397483847,3.800315878,4.136009237,4.337425253,4.471702597,4.538841269,4.404563925,4.337425253,4.270286581,4.001731894,3.733177206,3.397483847,3.061790487,2.927513144,2.658958456,2.390403769,2.054710409,1.920433066,1.651878378,1.517601034,1.584739706,1.584739706,1.584739706,1.71901705,1.920433066,2.054710409,2.256126425,2.591819784,2.860374472,3.128929159,3.196067831,3.464622519,3.598899862,3.733177206,3.598899862,3.598899862,3.330345175,2.927513144
1.153144512,-0.457838335,-2.970398209,-3.076956442,-0.107877139,2.385545909,2.091340722,0.095853016,-1.699166101,-1.967477522,0.507454786,4.903081301,6.876865491,5.019464512,3.247926168,2.719721695,2.260759647,2.013420696,2.408226916,3.355418989,2.944636032,2.924130457,7.024450011,12.70023946,16.09149013,19.38936447,25.88049042,34.31032337,40.71465533,45.53486693,54.93036238,70.18097926,88.66889365,110.3959995,138.3602421,172.1946623,208.1695369,244.2501242,278.9352321,313.7024852,344.7650972,364.8809236,370.808823,361.3516931,339.7314457,309.4086171,273.6013381,235.0773013,199.5938506,173.5627343,156.8276943,145.4356527,134.4346099,127.1094167,124.0005093,116.9649657,106.0886176,96.40994547,86.58767441,71.34440183,53.25395042,38.32269594,23.566237,9.12567912,-0.005678267,-7.718890321,-18.62710118,-30.9195217,-41.60941497,-48.33407323,-47.91148161,-42.58350619,-35.58722013,-26.31134352,-19.32613284,-15.73894562,-11.06947707,-5.8931698,-3.715345351,-4.504822023,-5.994998622,-9.537392801,-14.1092991,-16.13674124,-16.12232017,-13.94283128,-11.46618851,-12.15108164,-14.74471299,-15.25629491,-13.62937833,-11.59481307,-8.839275777,-8.297033655,-9.276596871,-9.341152097,-9.158663906,-10.48344351,-13.77791511,-15.76527807,-16.16089764,-14.77042123,-11.5136005,-7.972834149,-5.155065744,-3.527641511,-2.870611117,-2.582323031,-1.814710108,-2.221299226,-4.221668577,-3.743127834,-1.533262652,-0.898859051,-1.385256705,-4.149007493,-6.712712043,-4.266540955,0.203299532,1.004172617,0.602845458,3.350861799,6.364146241,12.85349866,35.58825528,68.94633252,86.82682585,76.48357513,47.28060117,16.58173114,-2.104155445,-6.383047082,-5.207565243,-4.244738352,-0.895650185,4.65200586,7.232750616,4.979971896,3.689146644,4.071950051,2.946430669,1.298630131,0.712903409,0.756915022,0.024260138,1.075938269,4.021790443,3.172562424,-0.086174725,-1.366660723,-3.393455681,-7.043379643,-8.435360273,-5.718046236,-2.762047537,-3.202970556,-4.059766463,-2.532829915,-0.038396743,-0.904437294,-3.516389938,-2.946695263,-2.76713948,-3.191937126,-1.289800889,-0.997841378,-2.633676523,-2.636515658,-2.628256209,-3.436698036,-4.382929897,-5.85309917,-5.442543659,-3.131547025,-2.257449957
1.034202597,1.101341269,1.235618612,1.235618612,1.235618612,1.235618612,1.101341269,1.168479941,1.235618612,1.437034628,1.5041733,1.5041733,1.638450644,1.638450644,1.772727987,2.108421347,2.57839205,2.57839205,3.719749472,4.323997519,5.196800253,6.271019003,7.345237753,8.688011191,10.16506197,12.11208346,14.73049166,18.08742525,22.04860689,27.08400728,33.05934908,40.10890963,48.23268892,57.16213228,66.62868502,76.49806978,86.03176119,95.09548189,102.4807358,109.7317124,115.7070542,120.1382065,123.7636948,127.0534897,130.5447006,134.1701889,137.1242905,138.7356186,138.7356186,137.4599838,134.7072983,130.678978,125.7107163,119.8025131,113.088646,105.099144,98.04958346,89.38869478,80.19069674,70.58986666,60.58620455,40.37746432,40.37746432,30.50807955,21.04152682,3.585472128,3.585472128,-4.068336466,-10.78220365,-16.62326811,-21.39011381,-25.21701811,-30.65525053,-32.400856,-33.74362943,-34.68357084,-35.08640287,-35.08640287,-34.28073881,-33.27365873,-31.79660795,-29.84958647,-27.63401029,-25.28415678,-22.86716459,-20.24875639,-17.56320951,-15.07907865,-12.59494779,-10.17795561,-10.17795561,-6.149635294,-4.336891153,-4.336891153,-1.785621622,-0.845680216,0.094261191,0.698509237,1.034202597,1.302757284,1.437034628,1.302757284,1.168479941,0.698509237,0.228538534,-0.442848184,-0.912818888,-1.449928263,-1.919898966,-2.457008341,-2.994117716,-3.396949747,-3.934059122,-4.269752481,-4.471168497,-4.538307169,-4.605445841,-4.672584513,-4.605445841,-4.538307169,-4.538307169,-4.269752481,-4.135475138,-3.799781778,-3.396949747,-2.926979044,-2.457008341,-2.121314981,-1.785621622,-1.517066934,-1.248512247,-0.979957559,-0.711402872,-0.375709513,-0.040016153,0.362815878,0.698509237,0.832786581,1.034202597,1.101341269,1.235618612,1.168479941,1.168479941,1.101341269,1.034202597,1.034202597,0.631370566,0.295677206,-0.040016153,-0.375709513,-0.509986856,-0.778541544,-0.912818888,-0.979957559,-1.047096231,-1.114234903,-1.181373575,-1.181373575,-1.315650919,-1.449928263,-1.517066934,-1.651344278,-1.919898966,-2.054176309,-2.255592325,-2.524147013,-2.658424356,-2.859840372,-3.061256388,-3.061256388,-3.128395059,-3.262672403,-3.464088419,-3.329811075,-3.262672403
-0.375771333,1.109729718,0.611659348,-0.263313822,-0.484094469,-1.429649732,-2.817748688,-4.24768588,-6.057931947,-6.834279215,-6.50859571,-6.374304556,-7.340962935,-8.929499355,-9.757524043,-9.924075553,-11.27774519,-12.89230188,-11.4331439,-8.784203481,-5.773233287,-1.742542442,1.060651873,2.480941789,3.184791363,2.103226385,1.978493798,7.537954168,18.76929186,32.17998866,40.19424384,40.46511797,45.82668972,60.75433846,79.43041759,105.2964736,137.2991651,170.4298856,206.0620604,244.8191517,284.6814438,322.5215261,352.3829711,370.4474584,372.0646707,352.271791,314.7581089,265.1829446,209.6292747,160.9179827,133.5237212,120.7600985,109.1324577,99.32540367,92.87917078,88.68439819,81.18993931,70.24987189,57.72474678,40.69762391,22.91126281,8.883906193,-1.992389612,-10.38370614,-16.67753484,-21.42072825,-25.09789599,-25.17756973,-22.19437321,-21.86088041,-24.30223854,-27.65507827,-31.90741127,-33.60044783,-29.12351313,-23.16272361,-19.79055496,-18.30899769,-19.36010242,-21.3913639,-22.35775496,-22.70144767,-21.47018411,-17.75085178,-13.34361369,-8.434489028,-2.121515557,3.241865129,5.587584038,4.496354022,0.463698464,-3.168821384,-5.439614743,-6.004815658,-6.03483065,-8.898152503,-9.755864199,-6.997095524,-4.946962987,2.278053855,27.18579764,69.26118172,101.5958058,96.80876622,62.47388926,22.1939459,-7.43988825,-17.32646356,-14.35253709,-8.46915964,-3.112733695,1.07971099,6.470873344,11.81981462,13.60822797,12.10930651,9.959362839,7.164026183,3.850611633,2.388750575,2.972943642,2.436730265,0.972142279,1.608156954,2.588786909,2.036139873,1.615873196,1.482723865,0.925313564,0.968124844,1.137959534,0.430729343,-0.445566732,-0.735909406,-0.456606229,1.140899443,2.775722523,3.427628488,4.114929874,4.666626472,4.624859375,3.734510639,3.341857665,2.981581993,2.916926023,3.942181998,3.846868224,2.661830742,2.555758059,2.942163948,2.338315946,2.197471762,2.830709124,3.118048931,3.202967235,3.360546766,4.084862588,4.890057472,4.69255819,4.81200014,5.128694495,4.030329038,1.491273942,-1.770705636,-3.412458021,-3.973434776,-4.14276137,-1.860530822,0.228055795,-0.723736095,-1.907365651,-1.109433493,-1.010720108,-2.464658903,-2.845876157
-0.617408731,-0.818824747,-0.885963419,-0.885963419,-0.953102091,-1.087379434,-1.087379434,-1.355934122,-1.423072794,-1.691627481,-2.161598184,-2.161598184,-2.295875528,-2.3630142,-2.295875528,-2.228736856,-2.027320841,-1.893043497,-1.490211466,-1.28879545,-1.020240763,-0.415992716,0.121116659,0.993919394,2.135276816,3.612327597,5.492210409,7.707786581,10.25905611,13.48171236,17.64431002,23.14968111,29.99782564,37.78591158,46.78249361,56.45046236,67.19264986,78.60622408,89.48268892,99.41921236,107.3415756,112.8469467,116.9424057,120.8364487,125.267601,130.1687241,134.8012924,137.553978,137.2854233,135.0698471,131.9143295,127.9531479,123.1863022,117.5466538,110.7656479,103.783226,95.9951401,87.93849947,79.81472017,71.42238619,63.09719088,54.50344088,45.43972017,36.44313814,27.37941744,18.58425142,10.25905611,2.605247519,-4.041480997,-9.681129434,-14.58225248,-19.14768217,-23.3774185,-27.27146147,-30.69553373,-33.44821928,-35.26096342,-36.20090483,-36.33518217,-35.73093412,-34.52243803,-32.9111099,-31.03122709,-28.88278959,-26.73435209,-22.50461576,-22.50461576,-18.40915678,-16.39499662,-14.38083647,-12.635231,-11.02390287,-9.412574747,-9.412574747,-7.868385294,-5.115699747,-4.041480997,-3.168678263,-2.430152872,-1.960182169,-1.758766153,-1.423072794,-1.355934122,-1.423072794,-1.423072794,-1.490211466,-1.423072794,-1.355934122,-1.28879545,-1.221656778,-1.154518106,-0.953102091,-0.818824747,-0.751686075,-0.684547403,-0.751686075,-0.751686075,-0.617408731,-0.751686075,-0.885963419,-1.087379434,-1.221656778,-1.355934122,-1.624488809,-1.825904825,-1.960182169,-1.893043497,-1.893043497,-1.825904825,-1.624488809,-1.355934122,-0.953102091,-0.483131388,-0.013160684,0.389671347,0.792503378,1.128196737,1.598167441,1.799583456,2.000999472,2.202415487,2.336692831,2.403831503,2.403831503,2.470970175,2.403831503,2.269554159,2.135276816,1.9338608,1.732444784,1.732444784,1.463890097,1.396751425,1.329612753,1.262474081,1.195335409,1.061058066,0.993919394,0.85964205,0.591087362,0.322532675,0.053977987,-0.080299356,-0.281715372,-0.483131388,-0.751686075,-0.885963419,-1.087379434,-1.355934122,-1.624488809,-1.758766153,-1.960182169,-2.027320841,-2.161598184,-2.295875528
-2.107998368,-1.215411238,-0.779285191,-0.946007284,-2.126712072,-3.495892853,-3.255511045,-2.288087882,-0.889055422,0.800243305,1.132533938,1.035305849,0.841166423,-0.96176941,-2.658408179,-3.082620521,-4.165139963,-3.348660748,0.043825462,0.860562014,-0.339726443,0.014314819,0.583067532,0.842881616,2.616950266,3.968091465,4.994123367,9.001496022,16.33337969,24.44958844,30.78631592,35.85461257,41.93906814,51.92396762,64.27006248,76.76905607,94.74778994,119.4490333,147.181873,175.3957388,201.5068667,231.8187618,271.2067284,312.4971528,347.9160701,373.0488931,383.0113134,374.3101635,346.982853,305.107029,256.3161286,205.8813438,160.7278816,124.8482579,92.0507095,63.48487475,50.40469421,52.49659318,57.87838969,62.69016987,66.60876754,62.86316669,52.24748681,40.46233294,30.98017867,24.05441217,12.73927288,-1.503417726,-11.45695993,-20.91838858,-33.13669306,-41.99361346,-44.44006611,-43.43080701,-41.86758126,-39.88517065,-38.24096677,-37.88474106,-36.33228543,-33.58866452,-31.70902545,-29.55129948,-24.43886824,-20.05629359,-21.21165667,-21.59357588,-17.31574656,-16.06241008,-15.92591125,-11.72736568,-8.481600906,-6.323621622,-6.742431136,-10.58741049,-13.18555288,-12.00882049,-3.44856771,14.40299368,36.76215178,49.28970877,43.48661111,25.13621191,2.607273624,-14.99772982,-24.16899329,-26.45957674,-22.83858583,-17.68381923,-12.46123971,-7.197418992,-7.328525434,-9.628137114,-9.223742126,-11.03324434,-12.6862193,-9.557244216,-5.482418917,-3.852124666,-3.684173953,-3.032935947,-1.15500499,3.049425062,6.204366904,3.670477592,1.760503904,2.759874991,2.840232886,2.875710878,2.143455448,1.229285979,0.584602504,0.249432215,1.815456773,3.918292797,4.801788231,3.718345121,0.468935333,-3.198826184,-5.567621917,-4.12443061,0.469320928,4.257462769,6.04143024,5.478196867,4.08203129,3.051668912,1.520180719,1.987414661,5.890899498,10.13138591,9.271087145,2.635594013,-0.167411962,1.820233775,3.029871148,4.648169346,6.616502466,5.657507336,-1.342697894,-6.978193523,-1.561960851,5.578935245,5.171115725,0.598128603,-6.724020824,-9.577895497,-2.756889978,2.535662086,-0.437691984,-3.443118461,-1.520108624,1.752493272,3.688546667,5.216466252,3.012133479
-1.893043497,-1.960182169,-2.094459513,-2.161598184,-2.161598184,-2.094459513,-2.094459513,-2.027320841,-1.960182169,-1.960182169,-1.825904825,-1.758766153,-1.691627481,-1.490211466,-1.28879545,-1.087379434,-0.751686075,-0.684547403,-0.348854044,-0.013160684,0.389671347,0.85964205,1.531028769,2.470970175,3.478050253,4.753685019,6.2307358,8.043479941,10.19191744,12.87746432,16.16725924,19.85988619,24.55959322,30.06496432,36.44313814,44.02980807,52.48928072,61.95583346,72.29518892,83.77590182,95.52516939,106.4687729,116.5395737,127.5503159,127.5503159,129.4973374,128.6916733,130.7058335,130.5715561,127.6845932,123.1863022,118.1509018,108.7514878,104.2531967,100.0234604,95.05519869,89.81838228,83.91017916,77.39772799,70.01247408,62.42580416,54.30202486,46.11110689,37.71877291,29.46071627,21.20265963,13.68312838,6.566429159,0.121116659,-5.451393106,-10.35251615,-14.58225248,-18.14060209,-21.29611967,-23.8473892,-25.9958267,-27.74143217,-28.88278959,-29.62131498,-29.68845365,-29.08420561,-28.1442642,-26.73435209,-24.98874662,-22.97458647,-20.89328764,-18.87912748,-16.932106,-15.11936186,-13.30661772,-11.62815092,-10.21823881,-8.875465372,-7.465553263,-6.257057169,-5.317115763,-4.444313028,-3.772926309,-3.302955606,-2.967262247,-2.698707559,-2.698707559,-2.698707559,-2.698707559,-2.832984903,-3.034400919,-3.302955606,-3.504371622,-3.705787638,-3.840064981,-4.041480997,-4.175758341,-4.175758341,-4.108619669,-3.974342325,-3.772926309,-3.638648966,-3.302955606,-3.034400919,-2.631568888,-2.631568888,-2.430152872,-2.094459513,-1.758766153,-1.154518106,-0.953102091,-0.818824747,-0.818824747,-0.281715372,-0.147438028,-0.013160684,-0.013160684,0.322532675,0.523948691,0.591087362,0.658226034,0.926780722,1.128196737,1.195335409,1.262474081,1.396751425,1.329612753,1.531028769,1.598167441,1.665306112,1.732444784,1.665306112,1.732444784,1.598167441,1.531028769,1.598167441,1.463890097,1.598167441,1.598167441,1.531028769,1.531028769,1.531028769,1.329612753,1.195335409,1.128196737,0.993919394,0.85964205,0.792503378,0.85964205,0.85964205,0.85964205,0.85964205,0.85964205,0.85964205,0.993919394,1.061058066,1.262474081,1.463890097,1.531028769,1.598167441
2.174215215,0.87430739,0.352604952,0.890428787,-0.690095235,-2.656393078,-0.732285725,1.902576284,2.273145251,1.670213697,-0.415653061,-2.402519553,-2.234374513,-1.631503697,-1.644633252,-3.276924107,-3.836303435,-0.803687252,1.544168883,0.285797046,-1.486878901,0.013299261,2.624276924,3.203146475,3.947030934,6.929584836,13.03873993,20.64390588,25.52356572,28.94524899,35.0409558,43.41151451,53.04789424,63.47303228,74.12024846,87.15161677,104.1480449,127.2180407,157.3202306,191.5071199,227.0340364,262.0166427,295.174671,318.4890206,326.4200324,320.867685,303.3423368,281.7275021,258.0033831,230.3281323,203.5573096,180.9401616,163.2470385,151.7476336,145.730039,138.0045009,123.0002339,102.5325946,81.27386637,61.40034857,46.80418512,35.72903069,19.22110963,1.98533573,-11.05262407,-24.88489376,-35.73400214,-41.55904914,-48.41078029,-53.58036056,-55.56628226,-60.27387557,-61.94297215,-55.15862328,-48.51391734,-44.12584392,-40.7203687,-39.14430854,-38.944869,-40.93902847,-43.13078761,-40.67879936,-32.31562557,-22.01715685,-13.48202393,-9.032646453,-6.47583433,-0.47135804,14.8139865,43.79806879,74.15793066,84.55645032,71.9882268,46.17391481,18.96362448,3.699769669,1.143100407,-0.16960863,-2.886057997,-5.278339056,-7.259330255,-6.220409871,-5.907662665,-8.329170357,-10.21202215,-9.660334598,-7.134594947,-6.292908531,-6.25234945,-4.1929772,-2.727050351,-3.228917618,-3.298566416,-2.683029805,-1.828586704,-0.706239842,-0.949178741,-1.435489681,-0.563288949,-0.06976301,-0.741722417,-1.711088861,-1.298656933,0.99581251,3.314308004,4.060331922,1.695704418,-3.122079121,-4.699973647,-2.276757581,-0.863523202,-1.213840772,-1.844511017,-0.120469514,0.946965706,-1.595728457,-2.353704471,-1.545293742,-0.393614905,0.633453118,-0.002960792,0.914459507,2.883453514,3.80853956,2.338692784,-0.074226093,1.313775989,3.306717389,2.518083148,3.361543385,5.297806355,5.420920899,4.325910032,2.076968534,-0.126698096,-2.978369287,-4.103856995,-0.800558879,1.381047272,-2.11843967,-6.645676635,-8.396527799,-6.606211033,-0.451883014,3.568328161,2.089027273,0.276201706,0.518391552,1.086717887,1.090102475,2.035164963,4.588780517,6.258319622,3.636797529,-0.51158128
-0.154151895,-0.288429239,-0.288429239,-0.288429239,-0.355567911,-0.624122599,-0.69126127,-0.825538614,-0.959815958,-1.161231974,-1.228370645,-1.362647989,-1.429786661,-1.429786661,-1.496925333,-1.496925333,-1.295509317,-1.02695463,-0.556983927,0.114402792,0.718650839,1.792869589,3.001365683,4.142723105,5.75405123,7.432518026,9.513816855,11.7965317,14.34780123,17.16762545,20.52455904,24.55287935,29.25258639,34.82509615,42.07607271,50.60268404,60.53920748,71.34853365,82.76210787,93.9071274,104.1793442,111.6988754,118.748436,124.3209458,129.6920395,136.8758774,140.1656723,140.9713364,140.5685044,139.2257309,136.338768,132.1761704,126.6707993,120.2254868,112.9745102,104.9178696,97.93544771,89.81166842,81.41933443,72.8927231,64.03041842,54.96669771,45.701561,36.63784029,27.57411959,18.91323092,10.65517428,3.001365683,-4.048194864,-10.29209135,-20.4300308,-20.4300308,-24.2569351,-29.89658354,-31.77646635,-33.11923979,-33.7906265,-34.12631986,-33.72348783,-32.78354643,-31.30649565,-29.29233549,-26.8753433,-24.2569351,-21.43711088,-18.68442533,-15.79746244,-13.0447769,-10.56064604,-8.345069864,-6.196632364,-4.383888224,-2.973976114,-1.76548002,-0.825538614,-0.154151895,0.517234823,0.852928183,1.255760214,1.524314901,1.591453573,1.658592245,1.45717623,1.12148287,0.651512167,0.248680136,-0.422706583,-1.228370645,-1.832618692,-2.436866739,-3.041114786,-3.511085489,-3.846778849,-4.048194864,-4.316749552,-4.316749552,-4.182472208,-3.981056192,-3.846778849,-3.645362833,-3.511085489,-3.108253458,-2.772560099,-2.168312052,-2.168312052,-1.966896036,-1.899757364,-2.034034708,-2.504005411,-2.504005411,-2.638282755,-2.504005411,-2.302589395,-2.168312052,-1.899757364,-1.564064005,-1.161231974,-0.825538614,-0.422706583,0.04726412,0.315818808,0.718650839,1.12148287,1.390037558,1.524314901,1.591453573,1.591453573,1.322898886,0.987205526,0.785789511,0.248680136,-0.221290567,-0.624122599,-1.02695463,-1.496925333,-1.899757364,-2.369728067,-2.772560099,-3.041114786,-3.309669474,-3.511085489,-3.645362833,-3.443946817,-3.309669474,-3.108253458,-2.772560099,-2.571144083,-2.369728067,-2.168312052,-2.034034708,-1.899757364,-1.631202677,-1.362647989,-1.295509317,-1.228370645
0.288276271,0.371763647,-0.562557875,-2.212884643,-4.721813095,-4.718932345,-2.21152554,-0.328737581,-0.363699024,-3.206554594,-6.309563498,-7.580712025,-6.054752535,-2.368301629,-2.02922076,-4.101172679,-4.848765258,-5.399133596,-5.121717599,-3.880786016,-3.404884845,-2.666377874,-2.031149921,-3.158125642,-3.007737023,-1.16944564,-0.099861235,1.567074708,4.263491433,7.764573969,13.58794017,21.46373325,28.68171144,33.91396201,40.32212134,51.92215003,65.45536091,79.15097854,99.74745601,127.874116,157.35655,187.0337431,222.008743,259.472524,286.4165905,297.7587018,297.4273674,287.2161489,270.4168048,253.6988105,240.4359067,231.4990622,223.229535,212.5308694,200.9965098,183.405722,152.7585208,115.5157332,82.2041707,57.01111944,37.78164639,21.45317901,9.838821469,1.296949067,-3.753862205,-5.873036424,-12.43971716,-22.4845302,-29.65186951,-35.23905356,-41.82156485,-47.93514637,-52.13420045,-55.29012662,-61.94973504,-67.45830254,-63.47671732,-56.42750516,-52.00424659,-47.88469585,-44.18341661,-44.20507523,-50.09725571,-53.28087083,-44.90850557,-31.67082984,-22.95657364,-17.24661749,-12.69697413,-10.52675782,-9.000150602,-7.868247529,-4.831613861,2.045580563,6.115832136,4.469917733,2.465270543,1.924072233,1.361560175,-0.904126406,-4.370558544,-4.769265345,0.590375849,6.670191956,7.975365316,4.544033126,-0.862347701,-2.67552435,-3.303183886,-6.905475922,-6.196207232,2.009362428,11.8501454,17.6822753,12.90633224,1.773241076,-2.775864066,-0.738332313,3.334959812,7.037548359,5.309061651,0.394214911,-1.118977436,-1.616656349,-2.11940681,-1.188874906,-0.915129678,-0.418014874,0.717341788,1.047432955,0.388718419,-0.537799973,-0.822956001,-0.42034097,0.22472102,0.439843188,1.585742003,3.871237964,3.85003193,3.862592242,3.982882481,-0.255321165,-4.202568239,-3.743679694,-1.195354754,3.040763891,6.82055559,6.865379115,3.238146199,0.006910401,0.07280145,2.814845438,6.105885421,5.073108638,1.553507987,2.949781863,6.8617327,4.938980032,1.763055853,1.692864574,0.078527459,-0.998581662,-0.311289694,-0.971439683,-2.290717349,-2.532719451,-4.152494358,-6.396370618,-4.216797435,-0.898623601,-2.263266736,-3.593601016,-2.733833417,-3.444175117,-2.575282436
-1.020240763,-1.020240763,-0.953102091,-1.154518106,-1.221656778,-1.355934122,-1.557350138,-1.557350138,-1.758766153,-1.960182169,-2.027320841,-2.027320841,-2.094459513,-2.094459513,-2.228736856,-2.3630142,-2.3630142,-2.497291544,-2.497291544,-2.564430216,-2.564430216,-2.295875528,-2.161598184,-1.624488809,-0.953102091,-0.2145767,0.85964205,2.202415487,4.0822983,6.096458456,8.513450644,11.73610689,11.73610689,20.26271822,25.96950533,33.01906588,33.01906588,52.22072603,64.30568697,77.06203463,89.75124361,101.3662338,111.369896,121.172142,130.1687241,138.158226,144.4021225,147.4233628,147.4233628,145.4763413,141.9851303,137.0840073,130.7729721,123.5219956,115.7339096,108.1472397,101.3662338,94.24953463,87.26711275,80.08327486,72.49660494,64.708519,56.45046236,47.85671236,38.927269,29.66213228,20.53127291,11.46755221,2.739524862,-5.182838419,-12.09812162,-18.14060209,-23.10886381,-27.33860014,-30.69553373,-33.31394193,-35.19382475,-36.33518217,-36.7380142,-36.60373686,-35.79807279,-34.32102201,-32.30686186,-27.33860014,-24.58591459,-21.90036772,-19.14768217,-16.52927397,-16.52927397,-11.69528959,-9.613990763,-7.73410795,-5.988502481,-4.5114517,-3.302955606,-2.295875528,-1.557350138,-0.885963419,-0.415992716,-0.147438028,-0.013160684,-0.013160684,-0.281715372,-0.483131388,-0.818824747,-1.154518106,-1.557350138,-1.893043497,-1.893043497,-2.3630142,-2.698707559,-3.034400919,-3.302955606,-3.638648966,-3.974342325,-4.310035684,-4.578590372,-4.712867716,-4.780006388,-4.780006388,-4.712867716,-4.645729044,-4.444313028,-4.175758341,-4.041480997,-3.840064981,-3.571510294,-3.302955606,-3.034400919,-2.900123575,-2.832984903,-2.698707559,-2.698707559,-2.631568888,-2.564430216,-2.3630142,-2.228736856,-2.094459513,-1.825904825,-1.557350138,-1.490211466,-1.020240763,-0.684547403,-0.415992716,-0.147438028,0.121116659,0.389671347,0.658226034,0.993919394,1.061058066,1.262474081,1.329612753,1.262474081,1.128196737,0.85964205,0.523948691,0.121116659,-0.2145767,-0.818824747,-1.355934122,-1.758766153,-2.430152872,-2.900123575,-3.235816934,-3.571510294,-3.772926309,-4.041480997,-4.175758341,-4.242897013,-4.242897013,-4.242897013,-4.175758341,-4.175758341,-4.041480997,-3.974342325
2.830827382,5.804481181,5.351346669,3.481114716,0.183313053,-1.362065416,-0.044854246,0.173499329,0.025093926,-0.352841843,-0.856384794,-3.905210382,-8.877506054,-7.617239729,-2.782522503,-0.76768197,-1.386680668,-2.461264907,-4.321572725,-5.119597916,-4.31046878,-5.679466888,-7.007129497,-4.132995783,1.049365076,3.117300707,2.154493127,2.888467052,3.991815088,1.856396514,1.63999172,7.165420696,13.40677318,19.19368952,27.50599406,37.12086503,46.16597802,58.02220686,73.39974668,91.40674289,112.7883463,130.1045234,141.2617268,150.5716947,159.5998453,167.8602847,172.0356893,170.9687606,167.1424464,166.274967,167.7403453,165.8404129,159.614383,152.4130989,145.4072073,136.4685552,126.5012143,115.5691603,102.9165574,92.51166057,83.51488192,70.21681247,54.11869568,38.92529516,28.44471319,24.6954957,21.49284624,15.56683179,9.2155353,4.807087059,2.503563222,-0.318710123,-7.044400452,-17.40354395,-26.19164159,-27.670035,-20.73549788,-13.83829394,-9.857158721,-4.768680011,-0.049869863,3.383224631,6.484999897,7.936607654,6.726820849,6.796980284,11.22453721,13.65033072,11.03927077,7.753061811,4.31839877,0.295032531,-3.924862771,-5.753012543,-3.095942416,0.741521175,1.805559306,-1.941059763,-5.974057263,-5.528601856,-2.143734741,0.185311507,0.869638723,2.21000365,1.815523041,-0.668754184,-2.812610103,-3.586111859,-3.034956306,-2.915436907,-2.18808441,-0.018859883,0.520191764,1.141840336,3.271445945,1.546404964,-1.619675853,-0.672038124,-0.006199471,-0.750903603,-1.01488378,-1.185540678,0.597597318,2.809231506,2.956194421,2.914067207,3.151988471,2.364617576,1.879962733,0.549626379,-0.256996155,1.294104501,2.84735637,2.702882491,-0.773821504,-2.682557152,0.022066547,2.363740938,2.411756805,1.943589096,2.244711212,2.746012822,1.730032083,0.651718301,2.010559246,4.158300246,3.564136667,2.260045292,3.529643827,3.064088632,0.066148265,-0.525568185,1.434903649,3.446830787,3.382420158,0.624624025,-1.274398099,-1.723699898,-0.920271744,1.701850543,2.670835323,2.010668877,1.019197428,0.57334133,3.825554901,8.465054489,7.971343584,6.004853824,7.588890384,7.602493184,5.390703882,4.52028806,2.886562509,0.765098143,1.818854355
3.05853247,2.655700439,2.32000708,1.850036377,0.91009497,0.238708252,-0.298401123,-0.835510498,-0.835510498,-1.909729248,-2.513977295,-2.983947998,-3.252502686,-3.923889405,-4.259582764,-4.863830811,-5.400940186,-5.736633545,-6.005188233,-6.27374292,-6.340881592,-6.139465577,-5.53521753,-4.528137452,-3.118225342,-1.171203858,1.380065673,4.669860595,8.832458252,14.00213599,20.1788938,28.10125708,36.82928442,47.16863989,58.98504614,71.94280981,86.04193091,101.0138547,115.2472532,129.614929,142.4384153,152.9791868,161.4386594,168.3539426,173.792175,177.686218,179.7003782,179.9689329,178.4918821,175.5377805,170.5695188,163.3856809,154.7247922,144.7211301,133.6432493,122.0953977,110.7489622,89.13030981,89.13030981,78.72381567,68.25018286,58.51507544,49.31707739,40.4547727,31.92816138,23.80438208,16.21771216,2.655700439,-3.118225342,-8.153625733,-12.18194605,-14.59893823,-15.06890894,-14.59893823,-13.65899683,-12.5176394,-11.17486597,-9.630676514,-8.019348389,-6.27374292,-4.528137452,-2.782531983,-1.104065186,0.238708252,1.312927002,1.850036377,2.051452392,1.782897705,1.380065673,0.91009497,0.574401611,0.17156958,0.037292236,-0.16412378,-0.298401123,-0.499817139,-0.701233155,-0.768371827,-1.036926514,-1.171203858,-1.506897217,-1.775451905,-2.245422608,-2.916809327,-3.453918702,-4.326721436,-5.065246827,-5.602356202,-6.206604248,-6.542297608,-6.810852295,-7.012268311,-7.146545655,-7.34796167,-7.34796167,-7.146545655,-7.012268311,-6.408020264,-6.408020264,-6.005188233,-5.602356202,-5.400940186,-4.930969483,-4.326721436,-3.655334717,-2.446838623,-2.446838623,-2.044006592,-1.909729248,-1.97686792,-1.97686792,-2.178283936,-2.31256128,-2.581115967,-2.782531983,-2.916809327,-3.118225342,-3.05108667,-2.983947998,-2.715393311,-1.97686792,-1.97686792,-0.969787842,-0.432678467,0.037292236,0.372985595,0.574401611,0.641540283,0.708678955,0.842956298,0.977233642,1.178649658,1.312927002,1.380065673,1.514343017,1.648620361,1.850036377,1.917175048,2.051452392,2.185729736,2.185729736,2.118591064,2.118591064,1.917175048,1.782897705,1.581481689,1.447204345,1.312927002,1.178649658,0.842956298,0.641540283,0.440124267,0.440124267,0.305846923,0.372985595
-0.064177222,1.151239472,0.861743987,-0.910729266,-2.062296835,0.245471102,3.064482461,1.49009303,-4.005682597,-7.005220252,-4.479221515,-1.638267083,-1.307364033,-0.942069824,-1.624197048,-3.303999888,-2.239688256,-0.05175547,0.802600098,0.297300267,-0.292009348,0.66991137,1.913821754,2.661242879,4.165344373,7.189998054,10.78343763,12.07024774,9.916099222,9.856674347,17.49870672,31.78759101,45.85030505,56.60958756,69.98901498,84.42903629,98.6922435,120.0423549,142.3939701,154.4632872,159.5201686,167.8226975,180.6646634,190.640726,194.5419787,194.2424508,187.0747293,173.6152646,163.3865166,158.4016245,154.6519765,152.0312215,147.8595774,142.9190721,141.6364525,138.6759828,125.8323466,109.0427073,98.48708389,87.42447665,77.46028569,74.55409202,67.16608408,56.37592696,47.87868776,35.7259129,22.65167873,13.65184461,8.336339363,7.045273945,8.281417777,7.861001424,3.421975889,-3.819470447,-11.58759019,-21.19538888,-34.92045988,-42.87780109,-42.90679261,-44.37515158,-45.9409175,-45.31579934,-41.60504503,-38.54202325,-39.21247812,-37.64855983,-36.00143188,-38.74475484,-38.17354775,-29.61149148,-20.46035551,-14.40391922,-10.8345986,-8.872482252,-6.13197711,-4.478282823,-3.677130746,-2.295022672,-2.243764793,-3.352164127,-4.320138489,-3.300047207,0.483076687,3.080489404,3.58095238,4.691878804,5.330802037,4.639860881,1.572358594,-2.046935086,-1.662543258,0.484608658,1.309060817,3.572583346,6.025336707,5.020083842,4.544092761,5.532060287,4.612996965,1.683010038,-2.122936717,-4.959309894,-5.421680157,-4.797561928,-6.848564776,-11.28832213,-12.37078996,-8.286255211,-5.831055185,-8.73792151,-10.44877843,-8.256744981,-4.986984975,-2.574003684,-3.523032669,-5.266762197,-5.592733456,-4.449389084,-1.092012282,0.305392182,-1.129888286,-0.776375574,0.58444168,0.533295544,0.491979634,1.251349,2.970042265,3.210355807,0.04753224,-1.228893225,0.846002356,2.218858931,2.700438298,1.790544574,-0.282370758,0.356747853,2.351695205,1.449089706,-0.31559182,-0.853806862,-0.728153997,-1.124752269,-3.375366306,-5.844923294,-5.856340732,-3.33440657,-1.280606418,0.114686737,1.220946611,-0.593436197,-1.882919809,-1.575150363,-2.38052046,-2.409522087,-1.716606884
-0.434513384,-0.434513384,-0.367374712,-0.434513384,-0.434513384,-0.501652056,-0.568790728,-0.6359294,-0.703068072,-0.770206744,-0.770206744,-0.837345416,-0.904484087,-0.770206744,-0.837345416,-0.904484087,-0.770206744,-0.770206744,-0.703068072,-0.165958697,0.304012006,0.908260053,1.646785444,2.653865522,3.996638959,5.742244428,7.9578206,11.11333818,14.94024248,19.90850419,25.41387529,31.99346513,39.58013505,47.43535966,56.43194169,66.83843583,78.31914873,90.33697099,103.429012,116.7896077,130.0159261,143.1751058,155.5957601,166.2708089,175.2002522,181.9812581,185.7410237,186.4124104,184.5325276,180.4370686,174.0588948,165.6665608,155.6628987,144.1150472,131.8958089,119.0051839,105.9802815,92.61968583,78.78911943,64.42144365,49.65093583,35.28326005,21.51983232,9.099178022,-1.777286822,-10.43817549,-17.75629073,-23.7987712,-28.76703292,-32.99676924,-36.82367354,-39.7777751,-42.06048995,-43.26898604,-43.33612471,-42.19476729,-37.1593669,-34.13812667,-30.84833174,-30.84833174,-27.55853682,-24.20160323,-17.8234294,-17.8234294,-14.73505049,-11.8480876,-9.363956744,-7.148380572,-3.590030962,-2.381534869,-1.575870806,-0.971622759,-0.904484087,-0.971622759,-1.374454791,-1.978702837,-2.650089556,-3.120060259,-3.925724322,-4.529972369,-5.335636431,-6.208439166,-7.215519244,-8.15546065,-9.162540728,-10.03534346,-10.9081462,-11.57953292,-11.98236495,-12.25091963,-12.18378096,-11.91522627,-11.57953292,-11.10956221,-10.70673018,-10.37103682,-9.968204791,-9.498234087,-9.028263384,-8.558292681,-8.15546065,-7.685489947,-7.215519244,-6.946964556,-6.611271197,-6.409855181,-6.141300494,-6.141300494,-6.074161822,-6.00702315,-6.00702315,-6.141300494,-6.141300494,-6.074161822,-6.074161822,-5.939884478,-5.805607134,-5.604191119,-5.335636431,-4.999943072,-4.664249712,-4.328556353,-3.85858565,-3.388614947,-2.851505572,-2.381534869,-1.911564166,-0.971622759,-0.501652056,-0.501652056,-0.031681353,0.773982709,0.975398725,1.176814741,1.176814741,1.042537397,0.908260053,0.639705366,0.371150678,0.035457319,-0.233097369,-0.434513384,-0.770206744,-0.971622759,-1.173038775,-1.307316119,-1.441593462,-1.575870806,-1.777286822,-1.978702837,-2.247257525,-2.314396197,-2.515812212,-2.582950884,-2.515812212
-0.134407218,-3.298244875,0.550709746,5.355363926,4.918985205,3.11170888,1.394456411,-1.249131687,-3.13989718,-2.760153563,-0.96543597,-0.977252476,-2.106402252,-2.209586608,-1.221639479,-0.121441004,-0.739042971,-0.037858374,2.288403075,1.308959473,0.713821536,3.685519285,3.981089817,1.588860963,1.33728611,4.445073292,9.412889128,13.0618776,16.70675592,22.48848126,30.73019426,42.05226726,53.32952848,65.16768046,81.62248644,99.5268652,110.9853396,120.2428019,136.5278292,150.5538934,156.6134467,159.3293427,160.5222917,163.6877289,166.872119,165.2664238,158.4601923,149.7242059,143.413268,141.5168689,140.2196315,134.1263524,128.9577976,126.6722775,120.7366191,109.8859015,96.28921012,85.73721901,77.40219016,71.67164012,70.72629618,64.06896275,49.2826566,33.49903541,20.2282874,10.24448838,-0.579128206,-10.41517277,-10.55413869,-3.743731839,-1.64033498,-5.445223768,-10.25044732,-15.36424562,-21.26636047,-29.60402681,-38.8710449,-44.4450027,-43.33681128,-38.57801249,-35.089422,-34.74521746,-39.41697267,-44.41693761,-41.22724348,-31.53172102,-24.54539061,-21.79293461,-20.46192089,-24.9253315,-31.46124576,-30.77813102,-24.01520438,-14.34721821,-7.478990357,-7.699926008,-10.03869564,-8.088543812,-2.436824868,6.863564394,24.86804604,46.34574583,53.73361734,38.50331408,13.28184783,-3.436472692,-4.287394297,7.237241596,19.3233284,19.91048737,13.71776579,10.39426968,10.81976729,13.1462966,14.58343637,15.2734965,15.51155075,12.88203433,8.054523409,4.341231372,2.934929123,3.202756709,2.816090305,0.581534501,-1.89515852,-2.512189627,-0.975356404,-0.50808452,-2.101420983,-2.341421588,-0.959748965,-1.272978701,-2.26535328,-2.173985922,-1.981091787,-1.399779373,-0.738288737,-0.101067437,1.920764855,4.243645875,4.504228787,4.487930418,3.642950798,3.096985962,5.018291641,4.647684918,2.815588125,2.031350826,1.427892236,1.210258725,0.677434317,1.106881091,3.326445079,2.834664479,1.387399866,2.144650625,1.394920391,0.613918724,0.333579073,-2.213044866,-3.762748128,-0.484296337,4.968099753,7.027471075,4.96499773,2.991812107,2.017849991,0.349774628,-0.017579317,1.517578614,1.654763855,1.330400939,0.401562516,-1.140023364,-0.829654873
-0.132389361,-0.199528033,-0.132389361,-0.065250689,-0.065250689,-0.199528033,-0.266666705,-0.199528033,-0.266666705,-0.266666705,-0.199528033,-0.266666705,-0.266666705,-0.199528033,-0.266666705,-0.333805377,-0.132389361,0.069026655,0.203303998,0.471858686,0.941829389,1.546077436,2.486018842,3.82879228,5.372981733,7.387141889,9.871272748,13.16106767,17.12224931,21.88909501,27.46160478,33.3698079,40.35222978,48.61028642,57.33831376,66.87200517,77.61419267,89.29632158,101.3812825,114.4061849,127.6325032,140.0531575,151.4667317,161.1347005,168.9899251,174.5624349,177.2479817,177.4493977,175.3680989,171.0040852,164.6259114,156.4349935,146.699886,123.2013509,123.2013509,97.95721025,84.79803056,71.37029619,71.37029619,43.91057939,43.91057939,16.71941728,4.231624311,-6.577701861,-15.90997725,-24.03375655,-30.88190108,-36.38727217,-40.68414717,-44.10821944,-46.65948897,-48.20367842,-48.60651045,-47.93512374,-46.05524092,-43.30255538,-39.94562178,-35.91730147,-31.75470381,-27.45782881,-23.09381514,-18.86407881,-14.70148116,-10.80743819,-7.181949908,-4.02643233,-1.340885455,0.807552045,2.620296186,3.963069623,4.90301103,5.574397748,5.775813764,5.775813764,5.64153642,5.372981733,4.970149702,4.634456342,4.097346967,3.425960248,2.75457353,2.016048139,1.210384077,0.673274702,0.001887983,-0.602360064,-1.206608111,-1.743717486,-2.750797564,-2.750797564,-3.019352252,-3.153629595,-3.086490923,-2.683658892,-2.683658892,-2.012272173,-1.54230147,-1.139469439,-0.80377608,-0.333805377,0.001887983,0.337581342,0.471858686,0.673274702,0.807552045,0.874690717,0.807552045,0.874690717,0.874690717,0.807552045,0.740413373,0.60613603,0.60613603,0.673274702,0.740413373,0.941829389,1.143245405,1.277522748,1.478938764,1.68035478,1.814632123,1.881770795,2.083186811,2.284602827,2.486018842,2.687434858,2.75457353,2.955989545,3.090266889,3.157405561,3.291682905,3.358821577,3.425960248,3.358821577,3.358821577,3.090266889,3.023128217,2.888850873,2.75457353,2.553157514,2.284602827,2.016048139,1.546077436,1.076106733,0.740413373,0.404720014,0.203303998,0.001887983,-0.266666705,-0.46808272,-0.669498736,-0.938053423,-1.206608111,-1.206608111,-1.273746783
0.844044122,-1.724103876,-4.575255625,-4.298056021,0.372252289,4.385250375,2.840866393,-0.553969664,-2.955888759,-3.212793069,0.246993736,1.596018808,-1.823813467,-5.758475968,-8.025717107,-8.107281219,-6.461447709,-4.131778925,-2.878204641,-2.476376172,-0.665385198,-0.40908555,-1.551603507,1.607604527,4.799444205,3.960312034,3.658710605,4.535247838,9.52758717,23.21733394,38.58914315,45.80728779,48.40135344,57.2848564,68.80856039,78.00245584,93.28052839,113.0904277,130.1241254,144.4832483,154.6225089,163.8676853,179.2234363,192.8982388,195.3899106,190.7039159,181.6202508,169.2367001,157.8310966,146.7449257,134.5803569,124.1024259,118.5398178,113.9201913,105.0855952,97.29161705,91.90328845,80.56505766,68.6019165,67.21784237,65.00251164,53.68104205,42.85510227,34.68042591,24.51823738,11.12350535,-2.658360702,-11.72402753,-18.08547123,-25.47149942,-31.2424692,-36.53445853,-40.27747353,-37.42961666,-32.27728275,-29.58408516,-30.74878224,-35.07087851,-38.55182458,-39.70402776,-38.99842684,-40.7399033,-43.732666,-40.79058538,-35.7241771,-33.7780945,-31.18626195,-27.52400103,-25.4586209,-21.72132028,-19.35783123,-24.79483714,-28.87035004,-23.91267879,-15.74396034,-10.92491512,-9.741142989,-6.666846764,2.393519862,18.97144923,37.39088447,43.33151199,31.06105774,10.97461285,-1.836154724,-4.251202074,-1.326399266,5.286202872,11.66449198,15.76154646,20.96891741,25.03261597,22.58284635,16.07835884,13.47945472,15.29867242,14.65260708,10.7256837,7.705826338,7.06782734,6.711403999,5.493571929,4.522805846,3.42653253,0.621632939,-3.239662202,-3.034629857,0.370339732,1.359872431,1.865228536,2.540710779,1.809432121,2.222570125,3.163427735,2.146676351,1.757825104,2.907226153,2.531371778,1.824750983,2.32592587,2.129294708,1.134451387,0.838688094,1.280463121,1.17530332,0.806096021,0.908870848,0.370464793,0.349791346,1.846048602,2.481226596,2.104796777,4.126966272,7.365128803,7.483471656,5.700611564,4.557822572,5.649637762,8.393528245,9.815199478,11.00026758,11.71390518,8.675489966,3.732782536,0.493728161,-1.163535002,-0.120262211,3.908801549,4.583167312,2.377346029,1.342123555,0.429426514,1.222528907,2.408577629,3.073115517
-0.874271685,-0.941410357,-0.672855669,-0.672855669,-0.672855669,-0.672855669,-0.672855669,-0.807133013,-0.941410357,-1.142826373,-1.209965044,-1.344242388,-1.545658404,-1.612797076,-1.612797076,-1.612797076,-1.478519732,-1.344242388,-1.075687701,-0.739994341,-0.33716231,0.267085737,1.139888471,2.482661909,4.161128706,6.376704877,9.263667768,12.82201738,16.78319902,21.55004472,26.78686113,33.63500566,41.69164628,50.68822831,61.09472246,72.64257402,85.331783,98.75951738,111.8515584,125.3464314,138.6398885,150.7248494,161.5341756,171.0007283,178.2517049,182.9514119,184.8312947,185.0998494,183.55566,179.863033,174.4248006,158.177242,158.177242,148.1735799,137.2299764,114.0671346,114.0671346,102.116451,89.22582597,76.13378496,49.68114824,36.72338456,23.83275956,11.47924394,0.199947065,-10.07226973,-18.80029708,-26.11841231,-31.89233809,-36.45776778,-40.01611739,-42.83594161,-44.85010176,-46.26001387,-46.86426192,-46.39429122,-45.25293379,-43.44018965,-41.02319747,-38.20337325,-35.04785567,-32.09375411,-29.07251387,-26.11841231,-23.29858809,-20.54590254,-17.86035567,-15.44336348,-13.02637129,-10.74365645,-8.662357623,-6.581058794,-4.902591998,-3.626957232,-2.552738482,-1.747074419,-1.142826373,-0.874271685,-0.739994341,-0.605716998,-0.538578326,-0.538578326,-0.739994341,-1.008549029,-1.075687701,-1.209965044,-1.344242388,-1.277103716,-1.075687701,-0.941410357,-0.739994341,-0.471439654,-0.202884966,-0.001468951,0.132808393,0.132808393,0.267085737,0.267085737,0.334224409,0.267085737,0.199947065,0.065669721,-0.068607623,-0.202884966,-0.33716231,-0.404300982,-0.270023638,-0.270023638,-0.270023638,-0.404300982,-0.404300982,-0.807133013,-0.941410357,-0.941410357,-0.807133013,-0.874271685,-0.874271685,-1.008549029,-1.075687701,-1.142826373,-1.277103716,-1.344242388,-1.277103716,-1.142826373,-1.008549029,-0.739994341,-0.605716998,-0.471439654,-0.33716231,-0.270023638,-0.068607623,-0.068607623,-0.001468951,0.132808393,0.267085737,0.468501752,0.602779096,0.535640424,0.334224409,0.065669721,-0.270023638,-0.538578326,-0.807133013,-0.941410357,-1.142826373,-1.277103716,-1.344242388,-1.41138106,-1.545658404,-1.747074419,-1.881351763,-1.747074419,-1.814213091,-1.747074419,-1.679935748
-0.468205506,0.86978838,1.188667604,0.836398043,-0.396445849,-1.015175874,0.047859713,-0.65804861,-2.851634627,-1.056702377,0.893439597,-1.547951813,-3.727993788,-3.612674803,-3.074164427,-2.446438216,-3.172439807,-5.003306226,-5.270907976,-6.163420948,-7.320256838,-7.318027573,-8.320637243,-6.857214922,-1.886479473,-0.311936336,-0.467247376,3.50621523,9.919851642,17.03844274,21.96775604,24.00833539,28.7787353,38.58565932,50.57675764,62.30631033,74.29418164,84.73113963,94.89757439,109.5855807,125.3465218,141.9769729,159.751692,171.2149525,175.6147804,177.49725,178.1357307,176.0249859,173.0314536,172.3275662,167.3212426,155.5345199,146.1540006,143.0107536,138.7629319,125.11444,108.4129743,95.3403391,82.48936917,69.40636951,58.83561879,52.99225504,46.34350805,34.80712271,25.54764025,20.67163797,13.36742206,7.085013845,5.865593715,0.544326341,-8.152980214,-12.22899616,-12.85022694,-12.9996207,-12.17300624,-11.89639755,-16.31142028,-24.8398322,-34.31521279,-41.16446965,-42.2868119,-39.5244237,-37.76532632,-38.44991144,-40.41815695,-42.45576265,-40.25009461,-36.57899558,-35.54064034,-33.06847027,-30.89622356,-31.58921217,-31.11453817,-26.92785049,-21.23352084,-16.19547578,-12.8789556,-10.80487052,-7.66681049,-4.9112212,-3.431413478,-1.264295575,3.59427418,14.27568549,33.12220514,55.46953414,67.67345746,58.4350542,31.40518449,5.510899455,-4.214572153,-0.483780368,6.278279682,8.730201465,6.169489438,3.370449609,4.263652989,5.421234555,3.419028866,2.47059904,5.091797355,6.856898761,3.430060114,-2.201073203,-4.856232927,-4.136820099,-2.133460866,-0.611812855,0.206456309,-0.188656235,-2.361262215,-4.841453691,-4.228089614,0.993379633,2.274799499,-1.92634843,-0.362284126,7.161946059,11.88103361,11.70452977,10.6291615,9.463736791,8.039866645,6.634857238,6.118814301,6.708262459,5.254419595,4.289075589,5.350670841,5.535642055,5.901671246,6.183111794,6.133331754,4.578678316,-0.108661483,-1.837119604,1.331451177,3.628338882,4.575282393,5.952231358,6.856054557,7.074236596,6.31262431,4.799709964,2.515421532,-0.194993408,-0.087107166,1.949038142,3.333376683,4.052390239,3.493818435,1.49225207,0.362840645,1.573754775,1.899117163
-1.19653731,-1.19653731,-1.062259966,-1.062259966,-0.927982623,-0.860843951,-0.860843951,-0.927982623,-0.927982623,-0.927982623,-1.129398638,-1.263675982,-1.599369341,-1.599369341,-1.867924029,-1.935062701,-2.27075606,-2.27075606,-2.337894732,-2.27075606,-1.867924029,-1.867924029,-0.860843951,-0.055179888,1.019038862,2.496089643,4.577388471,7.262935346,10.4855916,14.44677324,18.81078691,23.91332597,30.49291581,37.67675371,45.800533,55.19994706,66.00927324,77.5571248,89.37353105,101.659908,114.751949,127.1054646,138.5861775,149.0598103,157.922115,164.9045369,169.80566,172.2226521,172.0883748,169.9399373,165.9787557,159.6677205,151.6110799,142.0773885,131.6037557,120.5930135,108.8437459,97.83300371,86.21801347,74.53588456,62.58520097,50.36596269,38.28100175,26.59887285,15.31957597,4.711665815,-4.822025591,-13.1472209,-20.26392012,-26.10498458,-31.14038497,-35.16870528,-38.52563887,-40.80835372,-41.94971114,-42.15112715,-41.27832442,-39.73413497,-37.45142012,-34.83301192,-31.87891036,-28.79053145,-25.43359786,-22.14380294,-18.98828536,-15.76562911,-12.6772502,-9.656009966,-6.903324419,-4.486332232,-2.539310748,-0.793705279,1.287593549,1.287593549,1.958980268,2.428950971,2.630366987,2.563228315,2.563228315,1.958980268,1.489009565,1.153316206,0.750484174,0.347652143,0.011958784,-0.390873248,-0.860843951,-1.465091998,-2.002201373,-2.606449419,-2.875004107,-3.076420123,-3.143558794,-3.210697466,-3.34497481,-3.412113482,-3.34497481,-3.277836138,-3.277836138,-3.277836138,-3.210697466,-3.009281451,-3.009281451,-2.942142779,-2.807865435,-2.740726763,-2.606449419,-2.337894732,-2.203617388,-1.935062701,-1.733646685,-1.397953326,-1.129398638,-0.927982623,-0.659427935,-0.323734576,-0.055179888,0.280513471,0.549068159,0.616206831,0.683345502,0.750484174,0.95190019,1.287593549,1.556148237,1.891841596,2.02611894,2.160396284,2.227534956,2.294673627,2.361812299,2.428950971,2.563228315,2.563228315,2.630366987,2.496089643,2.496089643,2.496089643,2.160396284,1.891841596,1.556148237,1.287593549,1.019038862,0.683345502,0.280513471,0.011958784,-0.256595904,-0.592289263,-0.793705279,-0.927982623,-1.129398638,-1.263675982,-1.263675982,-1.330814654,-1.330814654
-4.969904195,-3.212921874,-1.811124894,-3.29268363,-3.083359611,0.464924758,0.985539582,-2.275758307,-3.609352426,-2.600252097,-3.208560776,-3.554560482,-2.107344185,-2.133040086,-2.084926804,-1.035156719,0.177836983,2.179422825,0.678506651,-4.476512741,-6.421269027,-3.741243236,-0.140251481,3.320663387,6.414751507,7.755783563,6.22182491,4.837758185,7.624669588,13.40638215,19.53914897,25.82829959,33.77507023,41.16656201,43.81367566,46.90020684,60.04578465,74.79214577,81.45515687,84.89624135,92.59145675,109.9503167,128.795876,139.0829166,146.0265258,154.5450766,160.7627546,160.1052288,154.8506808,157.4856278,168.0293062,172.6887068,168.3493404,161.0656056,157.2312183,147.8607695,127.2032077,108.3031205,97.29547169,90.63544812,82.13259359,72.5789523,63.27926262,52.4960826,44.21460489,36.25211272,23.90318226,9.494254743,-4.657963149,-17.99884196,-28.79758292,-34.32563167,-34.30479995,-33.60860833,-35.69618854,-38.33778088,-39.15320385,-40.58996902,-43.17517915,-42.98528182,-38.76434595,-31.59714172,-26.25000371,-24.99850797,-22.03700899,-13.70591106,-4.267072444,1.159267723,5.200645296,7.949422462,6.588198897,5.750641424,8.350499569,9.748605988,7.742783102,7.621589045,9.511694674,14.11600191,21.65043298,22.08461133,16.92587594,15.03227536,15.4498828,13.66042902,10.34550664,9.37386165,10.54705902,11.94554492,11.91360628,9.516248154,5.562255579,2.503812505,3.21683903,5.145059016,4.804137868,5.101981595,6.23513222,5.129630173,3.493664642,3.202267074,1.410456349,-0.060819862,0.256522761,-1.730804669,-3.652391061,-3.021222338,-3.058270331,-5.768324722,-6.816741621,-4.389067112,-3.778604169,-6.998855484,-8.923038745,-6.049888082,-3.205765745,-4.579840658,-6.708290594,-5.295839621,-4.236204829,-3.235039601,-2.51005761,-6.000540822,-7.108104557,-4.484378792,-1.673155704,0.38936408,-0.337217207,-1.585922429,0.806736702,3.18170144,0.992165102,-0.516068536,0.215879999,1.541542517,2.842869222,1.12299915,1.67099847,7.283475992,8.355983515,4.354620894,5.264179157,8.642726276,7.766169953,6.274158602,7.202853135,8.355306882,6.938661651,5.802487741,6.433228772,5.143311494,5.165967911,8.447345675,8.356053931,4.036305951,-0.402913081
-3.195873033,-3.397289049,-3.598705064,-3.732982408,-3.867259752,-3.867259752,-3.934398424,-3.934398424,-4.135814439,-3.867259752,-3.80012108,-3.80012108,-3.665843736,-3.665843736,-3.531566393,-3.128734361,-1.987376939,-1.987376939,-1.383128893,0.228199232,1.302417982,1.302417982,3.920826186,5.465015639,7.412037123,9.761890639,12.31316017,15.46867775,18.82561134,22.85393165,27.48650001,32.92473244,39.10149025,46.35246681,54.40910744,63.53996681,73.61076759,84.28581642,95.22941994,105.7701914,115.8409922,124.9718516,133.0284922,140.1451914,145.8519785,150.1488535,152.7672617,154.1771738,154.1100352,152.8344004,150.1488535,146.1205332,140.8165781,134.4384043,127.1874277,119.5336192,111.4769785,102.8160899,93.81950783,84.42009376,74.95354103,65.21843361,55.34904884,45.27824806,35.34172462,25.53947853,16.40861915,8.083423842,0.49675392,-6.351390611,-12.32673241,-17.76496483,-22.33039452,-26.02302147,-29.04426171,-31.39411522,-33.27399803,-33.07258202,-33.07258202,-30.11848046,-27.70148827,-27.70148827,-21.6590078,-18.30207421,-14.94514061,-11.52106835,-8.231273424,-5.277171861,-2.524486314,0.228199232,2.510914076,4.659351576,6.673511732,8.486255873,9.963306654,11.23894142,12.04460548,12.31316017,12.38029884,11.91032814,11.30608009,10.5675547,9.627613295,8.553394545,7.613453139,6.539234389,5.599292982,4.726490248,3.853687514,2.913746107,2.040943373,1.168140639,0.362476576,-0.510326158,-1.315990221,-2.121654283,-2.793041002,-3.665843736,-4.337230455,-5.075755846,-5.612865221,-6.082835924,-6.485667955,-6.821361314,-7.089916002,-7.157054674,-7.291332018,-7.291332018,-7.224193346,-7.291332018,-7.224193346,-6.754222643,-6.485667955,-6.485667955,-6.351390611,-5.747142564,-5.478587877,-5.277171861,-5.075755846,-4.941478502,-4.740062486,-4.471507799,-4.270091783,-3.934398424,-3.598705064,-3.195873033,-2.793041002,-2.255931627,-1.718822252,-1.248851549,-0.778880846,-0.241771471,0.362476576,0.966724623,1.503833998,1.906666029,2.309498061,2.64519142,2.913746107,3.316578139,3.652271498,3.853687514,4.055103529,4.189380873,4.122242201,4.189380873,4.189380873,4.256519545,4.122242201,3.987964857,3.987964857,3.71941017,3.652271498,3.450855482,3.316578139
0.314549694,1.679838285,2.64857162,0.463212685,-1.705330186,-0.832650317,0.31394064,-1.463529201,-0.594622382,2.939540109,4.761741483,4.764339689,3.848965929,3.634556024,0.807873192,-4.482392965,-3.054037064,3.773540004,2.678276192,-0.15579549,2.278043416,0.681509379,-1.986592254,-0.176474479,0.94811648,-1.516783591,0.361893001,3.947210823,0.474569882,-2.536928048,-1.088943863,0.659452773,0.683785594,-2.920971755,-5.338124379,-0.501945018,6.423496767,9.179592402,12.44268103,19.34630079,21.71755346,18.69938961,18.00690638,21.10283731,31.92287685,57.36706343,90.24433366,122.1795445,157.8584507,192.5735585,220.1700936,244.7793571,266.5955443,278.8628298,268.7765294,238.5948277,204.8608018,170.8555524,130.4827963,91.19392219,62.92456411,38.64072992,19.64911027,11.8918503,-0.490845316,-26.59076503,-47.86039939,-55.42168605,-59.14874157,-60.52447715,-56.0930339,-48.89301727,-44.24756152,-39.35195426,-31.17407972,-25.6508168,-28.1046641,-32.93603415,-31.0092021,-24.68468631,-21.84826875,-21.48739535,-19.87973371,-16.75312153,-12.72570209,-12.000008,-13.33956804,-10.27161095,-3.666027453,1.031240154,2.747847958,4.58434345,5.951717059,5.624047359,6.768887564,9.348136786,9.583854151,10.90012795,10.45295473,3.879799875,-0.839900853,0.099702256,5.775871977,1.82544664,-8.862828032,-8.188583943,-4.98949882,-0.607023858,14.42077816,37.6301183,57.10540847,53.0545483,21.76546156,-12.25754478,-25.35146851,-18.52362122,-10.4197849,-8.597924049,-5.570110053,-3.895716545,-8.181095067,-11.82307554,-13.05819437,-12.15920863,-9.983486812,-10.10249554,-13.61090777,-16.57720014,-10.48577648,-4.836185345,-8.166520018,-13.59810533,-16.93688025,-14.72194984,-12.44153443,-14.80101655,-19.22744148,-20.6660787,-15.45416916,-13.25010735,-16.19339618,-16.98347267,-16.71956193,-14.83036188,-12.08116589,-16.14456117,-22.07879337,-25.5334627,-33.21188862,-38.90017039,-38.73638188,-38.40264119,-39.11881069,-38.45680949,-38.92354407,-39.6724026,-37.91937994,-37.72418649,-36.77351583,-33.20304142,-30.95252213,-30.78674851,-30.03721302,-29.6633905,-30.61656782,-33.21307011,-35.96305616,-34.70089459,-25.97250091,-18.45403079,-22.12162552,-32.62865959,-43.35281153,-43.99766456,-36.0782232
0.473259656,0.607537,0.674675672,0.94323036,1.077507703,1.077507703,1.010369031,1.010369031,0.94323036,0.94323036,0.876091688,0.741814344,0.674675672,0.473259656,0.338982313,0.204704969,0.070427625,0.070427625,-0.13098839,-0.399543078,-0.46668175,-0.533820422,-0.600959094,-0.668097765,-0.735236437,-0.735236437,-0.869513781,-0.802375109,-0.735236437,-0.332404406,0.271843641,2.218865125,2.218865125,4.098747938,9.872673719,14.37096473,20.54772255,20.54772255,40.01793739,40.01793739,77.27990028,102.4569022,127.5667655,150.9310233,170.5355155,185.775994,195.8467948,200.0093925,198.1295097,191.2142265,179.6663749,164.5601737,147.305535,128.7081229,110.3121268,92.25182411,75.53429481,60.22667763,46.12755653,33.10265419,21.21910927,10.67833778,1.68175575,-5.703498156,-11.20886925,-14.96863487,-17.25134972,-18.45984581,-19.06409386,-19.46692589,-19.39978722,-19.1983712,-18.79553917,-18.52698448,-18.12415245,-17.72132042,-17.31848839,-16.44568566,-15.30432823,-13.82727745,-12.01453331,-9.664679797,-7.113410265,-4.495002062,-1.809455187,0.808953016,3.09166786,5.105828016,6.650017469,8.597038953,8.731316297,8.529900281,7.992790906,7.992790906,6.515740125,5.374382703,4.300163953,4.300163953,2.151726453,1.077507703,0.070427625,-0.869513781,-0.869513781,-1.809455187,-3.286505969,-3.286505969,-3.957892687,-4.897834094,-5.300666125,-5.300666125,-6.039191515,-6.307746203,-6.710578234,-7.180548937,-7.65051964,-8.053351672,-8.657599719,-9.194709094,-9.731818469,-10.26892784,-10.80603722,-11.27600792,-11.8131173,-12.35022667,-12.68592003,-13.08875206,-13.42444542,-13.82727745,-14.09583214,-14.36438683,-14.56580284,-14.63294152,-14.9014962,-15.17005089,-15.57288292,-16.1099923,-16.84851769,-17.85559777,-19.33264855,-21.01111534,-22.89099816,-24.97229698,-26.98645714,-28.93347862,-30.81336144,-32.62610558,-34.10315636,-35.4459298,-36.58728722,-37.25867394,-37.79578331,-38.13147667,-38.19861534,-38.19861534,-38.13147667,-37.72864464,-37.32581261,-36.78870323,-36.31873253,-35.9159005,-35.51306847,-35.17737511,-35.04309777,-34.97595909,-35.31165245,-35.31165245,-36.31873253,-37.05725792,-37.79578331,-37.79578331,-39.27283409,-39.80994347,-40.34705284,-40.6827462,-40.81702355
-3.868597106,-4.897505668,-2.851268816,-1.612046739,-3.223476255,-4.934671362,-6.67370777,-5.345266202,-2.788766657,-2.009552515,-2.54729939,-3.432735232,-5.698884913,-9.470999498,-9.938134518,-6.700211437,-6.007830371,-8.326967209,-8.23953482,-8.266557297,-7.856647779,-4.797249753,-3.973438775,-5.860038094,-6.354539997,-4.101888798,-1.683784739,1.208211393,4.335158917,6.172023333,12.02966739,21.82011047,27.81046035,29.3911776,33.0107033,45.00245758,62.31514195,77.58254173,90.59356262,103.1257281,117.0131487,131.5453451,144.2655067,156.0611953,164.6115527,169.5040266,173.3725282,172.8396461,165.2098462,154.5834169,146.2679183,140.6856832,135.638744,128.9228424,120.0966669,110.9494636,103.5966641,97.65019135,92.29431421,87.24456927,82.70246666,80.36699247,77.69120586,74.30325632,71.54707649,65.23133348,54.13960416,44.08438421,36.54085962,28.83610389,21.60878503,15.19783184,8.630228864,3.01760748,0.786498236,0.938051004,0.855446958,-0.455697439,-2.15984269,-5.176687221,-11.11950204,-18.24508109,-23.99581489,-27.07018002,-26.68374024,-22.94681406,-18.18823026,-13.07871175,-9.785211265,-12.01110942,-16.94455634,-20.04603499,-20.41411212,-20.21527172,-21.2537845,-20.75144198,-15.66652659,-10.43656103,-9.27214713,-8.362990633,-6.817415056,-7.447089784,-8.293516048,-6.947325485,-4.915366786,-4.263585529,-5.667344745,-9.836219469,-14.62734106,-14.69369625,-10.71077271,-7.688800887,-8.852603019,-13.42214255,-14.89275493,-13.16870467,-12.9090003,-13.58049579,-11.94914841,-8.24238037,-8.473052809,-10.86608622,-11.88016681,-11.67550621,-9.544170195,-9.89621847,-13.6654436,-16.56805018,-15.96006074,-11.83542333,-7.656724526,-5.637559052,-5.64621601,-7.83385986,-9.023499461,-7.702019153,-6.408609998,-5.929644779,-4.873036614,-2.438701611,-1.775062032,-4.134514824,-6.53864312,-8.398922421,-7.907137393,-3.87259444,-0.612922842,-2.672904783,-6.808986179,-5.364722224,0.936116589,6.407652186,5.568875677,2.057323755,1.933848531,3.20514962,10.21289023,29.7988455,61.72715738,86.13635148,78.53991277,46.43619925,14.04156347,-4.218443372,-8.690057093,-8.079677323,-7.031556497,-3.425291526,-0.395285545,-0.794443837,0.371035722,2.252001234,3.064032414,3.508674487,1.442049534
-3.962848284,-4.029986956,-4.029986956,-4.097125628,-4.298541643,-4.365680315,-4.499957659,-4.701373675,-5.171344378,-5.171344378,-5.305621721,-5.507037737,-5.842731096,-6.111285784,-6.245563128,-6.379840471,-6.379840471,-6.379840471,-6.178424456,-5.97700844,-5.574176409,-4.768512346,-3.627154925,-2.150104143,-0.270221331,2.213909529,4.966595075,8.122112654,11.68046226,15.77592125,20.54276695,25.98099937,32.02347984,38.93876304,46.72684898,55.45487633,75.46220054,86.60722008,98.35648765,98.35648765,121.8550228,133.1343197,133.1343197,151.9331478,158.5798763,163.0781673,165.3608822,165.4951595,164.2866634,162.0710873,158.445599,153.6787533,147.6362728,140.6538509,132.9329037,124.674847,116.1482357,106.9502377,98.22221031,88.48710289,78.08060875,67.27128258,56.4619564,45.92118492,36.1860775,27.52518883,19.9385189,13.09037437,6.846477888,1.139690779,-3.895709612,-8.058307268,-11.28096352,-14.16792641,-16.85347328,-19.53902016,-21.821735,-23.56734047,-24.97725258,-25.71577797,-25.91719399,-25.51436196,-24.97725258,-24.10444985,-23.16450844,-22.02315102,-20.8817936,-19.80757485,-18.66621742,-17.59199867,-16.78633461,-15.98067055,-15.44356117,-14.9064518,-14.57075844,-14.23506508,-14.03364907,-13.89937172,-13.89937172,-13.96651039,-14.10078774,-14.23506508,-14.36934242,-14.50361977,-14.63789711,-14.9064518,-15.17500649,-15.17500649,-15.44356117,-15.44356117,-15.44356117,-15.24214516,-15.10786782,-14.77217446,-14.50361977,-14.30220375,-14.03364907,-13.63081703,-13.227985,-12.82515297,-12.48945961,-12.15376625,-11.88521157,-11.54951821,-11.14668617,-10.67671547,-10.07246742,-9.468219378,-8.863971331,-8.4611393,-8.12544594,-7.588336565,-7.252643206,-6.916949846,-6.514117815,-6.044147112,-5.574176409,-5.104205706,-4.567096331,-3.962848284,-3.560016253,-3.09004555,-2.620074846,-2.217242815,-1.881549456,-1.747272112,-1.478717425,-1.210162737,-1.075885393,-0.740192034,-0.60591469,-0.471637346,-0.270221331,-0.203082659,-0.135943987,-0.068805315,-0.001666643,-0.001666643,0.065472029,0.065472029,0.065472029,0.065472029,0.065472029,-0.001666643,0.065472029,-0.001666643,0.065472029,0.065472029,0.065472029,0.334026716,0.334026716,0.401165388,0.401165388,0.334026716,0.334026716
